job,campaign,harnesses,solves,valid_solves,graphs,engines,arms,hosts,slurm_name,account,partition,state,start,end,elapsed,nodelist,reported_in,first_commit,status
5529591,frontier-campaign,run.py,170,170,mesh26-z;road-usa-z,gap,gap-t14-d1024;gap-t14-d131072;gap-t14-d16;gap-t14-d16384;gap-t14-d2048;gap-t14-d2097152;gap-t14-d256;gap-t14-d32768;gap-t14-d4;gap-t14-d4096;gap-t14-d524288;gap-t14-d64;gap-t14-d8192;gap-t14-d8388608;gap-t28-d1024;gap-t28-d131072;gap-t28-d16;gap-t28-d16384;gap-t28-d2048;gap-t28-d2097152;gap-t28-d256;gap-t28-d32768;gap-t28-d4;gap-t28-d4096;gap-t28-d524288;gap-t28-d64;gap-t28-d8192;gap-t28-d8388608;gap-t42-d1024;gap-t42-d131072;gap-t42-d16;gap-t42-d16384;gap-t42-d2048;gap-t42-d2097152;gap-t42-d256;gap-t42-d32768;gap-t42-d4;gap-t42-d4096;gap-t42-d524288;gap-t42-d64;gap-t42-d8192;gap-t42-d8388608;gap-t56-d1024;gap-t56-d131072;gap-t56-d16;gap-t56-d16384;gap-t56-d2048;gap-t56-d2097152;gap-t56-d256;gap-t56-d32768;gap-t56-d4;gap-t56-d4096;gap-t56-d524288;gap-t56-d64;gap-t56-d8192;gap-t56-d8388608,frontier07493,acic-gap-tune,csc710,batch,COMPLETED,2026-09-22T18:02:05,2026-09-22T18:10:31,00:08:26,frontier07493,"current-state.md: `mesh26-z` (67.1M vertices, 268.4M edges)","48b6c2b 2026-09-23 Frontier port: C6 mesh replicates at 896 PEs; RMAT gate blocked on launch-level bimodality (R0 too, nine causes ruled out)",
5529592,frontier-campaign,onenode_ab,144,144,mesh26-z;road-usa-z,acic,n1_1x56;n1_1x56_s8;n1_2x28;n1_2x28_s8;n1_4x14;n1_4x14_s8;n1_8x7;n1_8x7_s8;n1_8x7_s8_control,frontier07149,acic-ab,csc710,batch,FAILED,2026-09-22T19:07:11,2026-09-22T19:13:06,00:05:55,frontier07149,,"48b6c2b 2026-09-23 Frontier port: C6 mesh replicates at 896 PEs; RMAT gate blocked on launch-level bimodality (R0 too, nine causes ruled out)",
5529593,frontier-campaign,onenode_ab,144,144,mesh26-z;road-usa-z,acic,n1_1x56;n1_1x56_s8;n1_2x28;n1_2x28_s8;n1_4x14;n1_4x14_s8;n1_8x7;n1_8x7_s8;n1_8x7_s8_control,frontier02375,acic-ab,csc710,batch,FAILED,2026-09-22T19:11:14,2026-09-22T19:17:15,00:06:01,frontier02375,,"48b6c2b 2026-09-23 Frontier port: C6 mesh replicates at 896 PEs; RMAT gate blocked on launch-level bimodality (R0 too, nine causes ruled out)",
5534016,frontier-campaign,onenode_ab,64,64,road-usa-z,acic,n8_4x14_cap7;n8_8x4_w128k;n8_8x7_s8;n8_8x7_s8_w128k;n8_8x7_s8_w128k_control;n8_8x7_s8_w32k;n8_8x7_s8_w32k_slack;n8_8x7_s8_w512k,"frontier[06777,06911,07138,07276,07408,07552,07777,07930]",acic-ab,csc710,batch,COMPLETED,2026-09-23T11:38:18,2026-09-23T11:39:49,00:01:31,"frontier[06777,06911,07138,07276,07408,07552,07777,07930]","current-state.md: `road-usa-z` (23.9M vertices, 57.7M edges)","48b6c2b 2026-09-23 Frontier port: C6 mesh replicates at 896 PEs; RMAT gate blocked on launch-level bimodality (R0 too, nine causes ruled out)",
5534017,frontier-campaign,onenode_ab,64,64,road-usa-z,acic,n8_4x14_cap7;n8_8x4_w128k;n8_8x7_s8;n8_8x7_s8_w128k;n8_8x7_s8_w128k_control;n8_8x7_s8_w32k;n8_8x7_s8_w32k_slack;n8_8x7_s8_w512k,"frontier[08057,08164,08316,08414,08569,08671,08824,08943]",acic-ab,csc710,batch,COMPLETED,2026-09-23T11:38:18,2026-09-23T11:39:51,00:01:33,"frontier[08057,08164,08316,08414,08569,08671,08824,08943]","current-state.md: `road-usa-z` (23.9M vertices, 57.7M edges)","48b6c2b 2026-09-23 Frontier port: C6 mesh replicates at 896 PEs; RMAT gate blocked on launch-level bimodality (R0 too, nine causes ruled out)",
5534022,frontier-campaign,onenode_ab,80,80,mesh26-z,acic,n16_8x7;n16_8x7_s8;n16_8x7_s8_control;n8_8x7;n8_8x7_s8,"frontier[00505,00764,01022,01276,01533,01664,02550,05631,05759,05888,06014,06271,06394,06516,06656,06784]",acic-ab,csc710,batch,COMPLETED,2026-09-23T11:48:38,2026-09-23T11:50:19,00:01:41,"frontier[00505,00764,01022,01276,01533,01664,02550,05631,05759,05888,06014,06271,06394,06516,06656,06784]","current-state.md: `mesh26-z` (67.1M vertices, 268.4M edges)","48b6c2b 2026-09-23 Frontier port: C6 mesh replicates at 896 PEs; RMAT gate blocked on launch-level bimodality (R0 too, nine causes ruled out)",
5534023,frontier-campaign,onenode_ab,80,80,mesh26-z,acic,n16_8x7;n16_8x7_s8;n16_8x7_s8_control;n8_8x7;n8_8x7_s8,"frontier[00093,00149,00314,00413,00572,00674,00798,00929,01058,01188,01315,01448,01597,01703,01820,01959]",acic-ab,csc710,batch,COMPLETED,2026-09-23T11:49:23,2026-09-23T11:51:01,00:01:38,"frontier[00093,00149,00314,00413,00572,00674,00798,00929,01058,01188,01315,01448,01597,01703,01820,01959]","current-state.md: `mesh26-z` (67.1M vertices, 268.4M edges)","48b6c2b 2026-09-23 Frontier port: C6 mesh replicates at 896 PEs; RMAT gate blocked on launch-level bimodality (R0 too, nine causes ruled out)",
5534333,frontier-campaign,onenode_ab,240,240,orkut;rmat25;rmat26;rmat27;uniform25,acic,n8_candidate;n8_candidate_control;n8_shared_off,"frontier[00242,00497,00639,00757,00887,01011,01145,01267]",acic-ab,csc710,batch,FAILED,2026-09-23T12:30:24,2026-09-23T12:35:48,00:05:24,"frontier[00242,00497,00639,00757,00887,01011,01145,01267]",current-state.md: Evidence and provenance,"48b6c2b 2026-09-23 Frontier port: C6 mesh replicates at 896 PEs; RMAT gate blocked on launch-level bimodality (R0 too, nine causes ruled out)",
5534334,frontier-campaign,onenode_ab,240,240,orkut;rmat25;rmat26;rmat27;uniform25,acic,n8_candidate;n8_candidate_control;n8_shared_off,"frontier[00243,00498,00640,00758,00889,01012,01146,01268]",acic-ab,csc710,batch,FAILED,2026-09-23T12:30:24,2026-09-23T12:35:45,00:05:21,"frontier[00243,00498,00640,00758,00889,01012,01146,01268]",current-state.md: Evidence and provenance,"48b6c2b 2026-09-23 Frontier port: C6 mesh replicates at 896 PEs; RMAT gate blocked on launch-level bimodality (R0 too, nine causes ruled out)",
5535017,frontier-campaign,onenode_ab,24,24,rmat27,acic,hybrid;hybrid_cxilog;ndev1;r0_hybrid;software,"frontier[08836-08838,08842-08843,08845,08847,08849]",acic-bimodal,csc710,batch,FAILED,2026-09-23T13:25:42,2026-09-23T13:29:41,00:03:59,"frontier[08836-08838,08842-08843,08845,08847,08849]",current-state.md: 7. Frontier reproduces mesh and exposes launch bimodality,"48b6c2b 2026-09-23 Frontier port: C6 mesh replicates at 896 PEs; RMAT gate blocked on launch-level bimodality (R0 too, nine causes ruled out)",
5535071,frontier-campaign,onenode_ab,392,392,rmat27;uniform25,acic,hybrid;hybrid_log;r0_hybrid;r0_sends1024;sends1024;sends1024_log;sends256,"frontier[00024,00148,00276,00405,00532,00657,00787,00917]",acic-bimodal,csc710,batch,COMPLETED,2026-09-23T13:33:18,2026-09-23T13:44:41,00:11:23,"frontier[00024,00148,00276,00405,00532,00657,00787,00917]",,"48b6c2b 2026-09-23 Frontier port: C6 mesh replicates at 896 PEs; RMAT gate blocked on launch-level bimodality (R0 too, nine causes ruled out)",
5535085,frontier-campaign,onenode_ab,392,392,rmat27;uniform25,acic,hybrid;pkt64k;pkt64k_log;pkt64k_sends1024;pkt64k_sends1024_log;r0_hybrid;r0_pkt64k,"frontier[00103,00374,00618,01627,02025,02135,02236,02528]",acic-bimodal,csc710,batch,COMPLETED,2026-09-23T13:36:06,2026-09-23T13:47:54,00:11:48,"frontier[00103,00374,00618,01627,02025,02135,02236,02528]",,"48b6c2b 2026-09-23 Frontier port: C6 mesh replicates at 896 PEs; RMAT gate blocked on launch-level bimodality (R0 too, nine causes ruled out)",
5535202,frontier-campaign,onenode_ab,288,288,rmat27;uniform25,acic,aslr_off;base;base_mem;thp_off,"frontier[01288,01296,01303,01335-01336,01338,01347-01348]",acic-bimodal,csc710,batch,COMPLETED,2026-09-23T13:50:29,2026-09-23T14:00:05,00:09:36,"frontier[01288,01296,01303,01335-01336,01338,01347-01348]",,"48b6c2b 2026-09-23 Frontier port: C6 mesh replicates at 896 PEs; RMAT gate blocked on launch-level bimodality (R0 too, nine causes ruled out)",
5535399,frontier-campaign,onenode_ab,288,288,rmat27;uniform25,acic,base;base_numa;prebind;prebind_numa,"frontier[00638,01405,02292,02812,03571,06656,07166,08695]",acic-bimodal,csc710,batch,COMPLETED,2026-09-23T14:03:14,2026-09-23T14:12:13,00:08:59,"frontier[00638,01405,02292,02812,03571,06656,07166,08695]",,"48b6c2b 2026-09-23 Frontier port: C6 mesh replicates at 896 PEs; RMAT gate blocked on launch-level bimodality (R0 too, nine causes ruled out)",
5535429,frontier-campaign,onenode_ab,288,288,rmat25;uniform25,acic,n1;n1_diag;n8;n8_diag,"frontier[01591-01592,01606,01608,01611-01614]",acic-bimodal,csc710,batch,COMPLETED,2026-09-23T14:14:49,2026-09-23T14:27:14,00:12:25,"frontier[01591-01592,01606,01608,01611-01614]",,"48b6c2b 2026-09-23 Frontier port: C6 mesh replicates at 896 PEs; RMAT gate blocked on launch-level bimodality (R0 too, nine causes ruled out)",
5535803,frontier-campaign,onenode_ab,180,180,rmat27,acic,ndev4;ndev7;ndev7_pkt64k;r0_ndev4;r0_ndev7,"frontier[04179-04181,04185-04189]",acic-bimodal,csc710,batch,FAILED,2026-09-23T15:34:15,2026-09-23T15:49:20,00:15:05,"frontier[04179-04181,04185-04189]",current-state.md: 7. Frontier reproduces mesh and exposes launch bimodality,"48b6c2b 2026-09-23 Frontier port: C6 mesh replicates at 896 PEs; RMAT gate blocked on launch-level bimodality (R0 too, nine causes ruled out)",
5536321,frontier-campaign,onenode_ab,224,224,mesh26-z,acic,n16_b1;n16_b8;n16_local;n16_s8;n16_s8_control;n16_s8_cost;n1_s8;n1_s8_cost;n2_s8;n2_s8_cost;n4_s8;n4_s8_cost;n8_s8;n8_s8_cost,"frontier[01021,01580,02040,03435,04346,04598,04979,05950,06161,06335,06420,06728,06974,07207,07366,07737]",acic-ab,csc710,batch,COMPLETED,2026-09-23T17:30:42,2026-09-23T17:46:53,00:16:11,"frontier[01021,01580,02040,03435,04346,04598,04979,05950,06161,06335,06420,06728,06974,07207,07366,07737]","current-state.md: `mesh26-z` (67.1M vertices, 268.4M edges)","a2721f6 2026-09-23 Frontier mesh strong scaling 1-16 nodes (6.6x, time falls at every doubling) and causal ablation (each queue/batch/slice step faster on every source)",
5536322,frontier-campaign,onenode_ab,224,224,mesh26-z,acic,n16_b1;n16_b8;n16_local;n16_s8;n16_s8_control;n16_s8_cost;n1_s8;n1_s8_cost;n2_s8;n2_s8_cost;n4_s8;n4_s8_cost;n8_s8;n8_s8_cost,"frontier[05952,06337,06735,07018,07208,07367,07738,07858,07998,08244,08344,08483,08608,08785,08863,09052]",acic-ab,csc710,batch,COMPLETED,2026-09-23T17:30:42,2026-09-23T17:48:38,00:17:56,"frontier[05952,06337,06735,07018,07208,07367,07738,07858,07998,08244,08344,08483,08608,08785,08863,09052]","current-state.md: `mesh26-z` (67.1M vertices, 268.4M edges)","a2721f6 2026-09-23 Frontier mesh strong scaling 1-16 nodes (6.6x, time falls at every doubling) and causal ablation (each queue/batch/slice step faster on every source)",
5536326,frontier-campaign,run.py,24,24,mesh26-z;orkut;rmat25;rmat26;rmat27;uniform25,riken,riken-r2-d64;riken-r4-d64;riken-r56-d64;riken-r8-d64,"frontier[00764,01022,01024,01526,01787,01907,02673,03189,03318,06615,08551,08704,08785,08944,09071,09455]",acic-compare,csc710,batch,COMPLETED,2026-09-23T17:13:21,2026-09-23T17:22:06,00:08:45,"frontier[00764,01022,01024,01526,01787,01907,02673,03189,03318,06615,08551,08704,08785,08944,09071,09455]",,,
5536460,frontier-campaign,onenode_ab,180,180,orkut;rmat25;rmat26;rmat27;uniform25,acic,n16_4x14;n16_8x7,"frontier[02273-02274,02277,02279,04825,05463,06737,06975,08664-08666,08792,08798,09038,09177,09188]",acic-ab,csc710,batch,COMPLETED,2026-09-23T18:02:40,2026-09-23T18:08:23,00:05:43,"frontier[02273-02274,02277,02279,04825,05463,06737,06975,08664-08666,08792,08798,09038,09177,09188]",current-state.md: 9. Wasp and RIKEN references on Frontier,9644de6 2026-09-24 Record Frontier scale-free held-out confirmation before submission,
5536474,frontier-campaign,run.py,120,113,orkut;rmat25;rmat26;rmat27;uniform25,riken,riken;riken-r2-d64;riken-r4-d64;riken-r56-d64;riken-r8-d1024;riken-r8-d16;riken-r8-d256;riken-r8-d64,"frontier[02169,02287,03195-03196,05751,06399,06503,06506,06784,06904,07671,08574,08956,09088,09190,09340]",acic-compare,csc710,batch,COMPLETED,2026-09-23T18:14:00,2026-09-23T18:28:30,00:14:30,"frontier[02169,02287,03195-03196,05751,06399,06503,06506,06784,06904,07671,08574,08956,09088,09190,09340]","current-state.md: `orkut` (3.1M vertices, 234.4M edges)",4e8f453 2026-09-23 Record the known RIKEN d1024 abort in configurations.md (lost in the doc consolidation),
5536475,frontier-campaign,run.py,120,113,orkut;rmat25;rmat26;rmat27;uniform25,riken,riken;riken-r2-d64;riken-r4-d64;riken-r56-d64;riken-r8-d1024;riken-r8-d16;riken-r8-d256;riken-r8-d64,"frontier[00384,02168,05747,06264,06374,06502,06634,06783,06897,07151,07552,07660,08433,08565,08824,08951]",acic-compare,csc710,batch,COMPLETED,2026-09-23T18:48:11,2026-09-23T19:02:15,00:14:04,"frontier[00384,02168,05747,06264,06374,06502,06634,06783,06897,07151,07552,07660,08433,08565,08824,08951]","current-state.md: `orkut` (3.1M vertices, 234.4M edges)",9644de6 2026-09-24 Record Frontier scale-free held-out confirmation before submission,
5536476,frontier-campaign,run.py,24,24,mesh26-z,riken,riken;riken-r2-d64;riken-r4-d64;riken-r56-d64;riken-r8-d1024;riken-r8-d16;riken-r8-d256;riken-r8-d64,"frontier[03596-03597,03600,03604,03640,03646,03662-03663,03665,03668-03670,03672-03673,03676-03677]",acic-compare,csc710,batch,COMPLETED,2026-09-24T03:36:48,2026-09-24T04:00:28,00:23:40,"frontier[03596-03597,03600,03604,03640,03646,03662-03663,03665,03668-03670,03672-03673,03676-03677]","current-state.md: `mesh26-z` (67.1M vertices, 268.4M edges)","07e7c6d 2026-09-24 Frontier baselines: tuned Wasp narrows the mesh win (median 0.93, one source slower) and puts road 2.5-2.8x behind; RIKEN 16-node references",
5536541,frontier-campaign,run.py,170,165,mesh26-z;road-usa-z,wasp,wasp-t14-d1024;wasp-t14-d131072;wasp-t14-d16;wasp-t14-d16384;wasp-t14-d2048;wasp-t14-d2097152;wasp-t14-d256;wasp-t14-d32768;wasp-t14-d4;wasp-t14-d4096;wasp-t14-d524288;wasp-t14-d64;wasp-t14-d8192;wasp-t14-d8388608;wasp-t28-d1024;wasp-t28-d131072;wasp-t28-d16;wasp-t28-d16384;wasp-t28-d2048;wasp-t28-d2097152;wasp-t28-d256;wasp-t28-d32768;wasp-t28-d4;wasp-t28-d4096;wasp-t28-d524288;wasp-t28-d64;wasp-t28-d8192;wasp-t28-d8388608;wasp-t42-d1024;wasp-t42-d131072;wasp-t42-d16;wasp-t42-d16384;wasp-t42-d2048;wasp-t42-d2097152;wasp-t42-d256;wasp-t42-d32768;wasp-t42-d4;wasp-t42-d4096;wasp-t42-d524288;wasp-t42-d64;wasp-t42-d8192;wasp-t42-d8388608;wasp-t56-d1024;wasp-t56-d131072;wasp-t56-d16;wasp-t56-d16384;wasp-t56-d2048;wasp-t56-d2097152;wasp-t56-d256;wasp-t56-d32768;wasp-t56-d4;wasp-t56-d4096;wasp-t56-d524288;wasp-t56-d64;wasp-t56-d8192;wasp-t56-d8388608,frontier01453,acic-gap-tune,csc710,batch,COMPLETED,2026-09-24T03:36:48,2026-09-24T04:04:34,00:27:46,frontier01453,"current-state.md: `mesh26-z` (67.1M vertices, 268.4M edges)","07e7c6d 2026-09-24 Frontier baselines: tuned Wasp narrows the mesh win (median 0.93, one source slower) and puts road 2.5-2.8x behind; RIKEN 16-node references",
5538389,frontier-campaign,onenode_ab,288,288,rmat25;rmat26;rmat27;uniform25,acic,n16_4x14;n16_4x14_control,"frontier[00072,00602,01528,01660,01665,01879,02042,02049,02202,02428,02543,02592,02810,02837,03058,03073]",acic-ab,csc710,batch,COMPLETED,2026-09-24T05:51:19,2026-09-24T05:57:21,00:06:02,"frontier[00072,00602,01528,01660,01665,01879,02042,02049,02202,02428,02543,02592,02810,02837,03058,03073]","current-state.md: `uniform25` (33.6M vertices, 1,073.7M edges)","07e7c6d 2026-09-24 Frontier baselines: tuned Wasp narrows the mesh win (median 0.93, one source slower) and puts road 2.5-2.8x behind; RIKEN 16-node references",
5538390,frontier-campaign,onenode_ab,72,72,orkut,acic,n16_8x7;n16_8x7_control,"frontier[01529,01661,01671,02043,02130,02203,02429,02544,02593,02811,02838,03060,03075,03302,03574,03691]",acic-ab,csc710,batch,COMPLETED,2026-09-24T05:51:19,2026-09-24T05:52:11,00:00:52,"frontier[01529,01661,01671,02043,02130,02203,02429,02544,02593,02811,02838,03060,03075,03302,03574,03691]","current-state.md: `orkut` (3.1M vertices, 234.4M edges)","5466230 2026-09-24 Frontier scale-free held-out at 16 nodes: ACIC trails RIKEN on every source (1.2x uniform25, 2.1-3.6x orkut and RMAT), predictions met",
5538391,frontier-campaign,onenode_ab,288,288,rmat25;rmat26;rmat27;uniform25,acic,n16_4x14;n16_4x14_control,"frontier[01533,01664,02047,02209,02430,02545,02595,02815,02843,03061,03076,03304,03697,03815,03942,04201]",acic-ab,csc710,batch,COMPLETED,2026-09-24T05:51:19,2026-09-24T05:57:26,00:06:07,"frontier[01533,01664,02047,02209,02430,02545,02595,02815,02843,03061,03076,03304,03697,03815,03942,04201]","current-state.md: `uniform25` (33.6M vertices, 1,073.7M edges)","5466230 2026-09-24 Frontier scale-free held-out at 16 nodes: ACIC trails RIKEN on every source (1.2x uniform25, 2.1-3.6x orkut and RMAT), predictions met",
5538392,frontier-campaign,onenode_ab,72,72,orkut,acic,n16_8x7;n16_8x7_control,"frontier[02268,02431,02669,02926,03063,03078,03700,03834,03958,04224,04330,04450,04588,05630,05759,05887]",acic-ab,csc710,batch,COMPLETED,2026-09-24T05:51:19,2026-09-24T05:52:09,00:00:50,"frontier[02268,02431,02669,02926,03063,03078,03700,03834,03958,04224,04330,04450,04588,05630,05759,05887]","current-state.md: `orkut` (3.1M vertices, 234.4M edges)","07e7c6d 2026-09-24 Frontier baselines: tuned Wasp narrows the mesh win (median 0.93, one source slower) and puts road 2.5-2.8x behind; RIKEN 16-node references",
5538405,frontier-campaign,onenode_ab,64,64,road-usa-z,acic,n16_s8;n16_w128k;n16_w128k_control;n8_w128k,"frontier[00071,00601,01529,01661,01685,02042,02130,02209,02429,02466,02593,02811,02843,03061,03076,03304]",acic-ab,csc710,batch,COMPLETED,2026-09-24T05:59:17,2026-09-24T06:00:21,00:01:04,"frontier[00071,00601,01529,01661,01685,02042,02130,02209,02429,02466,02593,02811,02843,03061,03076,03304]","current-state.md: `road-usa-z` (23.9M vertices, 57.7M edges)","0f9eecc 2026-09-24 Frontier road held-out at 16 nodes: 1.19-1.39x GAPBS, 2.0-2.55x Wasp; misses the 1.5x local-efficiency gate against Wasp",
5538406,frontier-campaign,onenode_ab,64,64,road-usa-z,acic,n16_s8;n16_w128k;n16_w128k_control;n8_w128k,"frontier[00602,01533,01662,02043,02279,02430,02483,02595,02815,02926,03064,03078,03326,03456,03577,03700]",acic-ab,csc710,batch,COMPLETED,2026-09-24T05:59:17,2026-09-24T06:00:20,00:01:03,"frontier[00602,01533,01662,02043,02279,02430,02483,02595,02815,02926,03064,03078,03326,03456,03577,03700]","current-state.md: `road-usa-z` (23.9M vertices, 57.7M edges)","0f9eecc 2026-09-24 Frontier road held-out at 16 nodes: 1.19-1.39x GAPBS, 2.0-2.55x Wasp; misses the 1.5x local-efficiency gate against Wasp",
5538410,frontier-campaign,run.py,85,85,mesh24-z,gap,gap-t14-d1024;gap-t14-d16;gap-t14-d16384;gap-t14-d256;gap-t14-d4;gap-t14-d4096;gap-t14-d64;gap-t28-d1024;gap-t28-d16;gap-t28-d16384;gap-t28-d256;gap-t28-d4;gap-t28-d4096;gap-t28-d64;gap-t42-d1024;gap-t42-d16;gap-t42-d16384;gap-t42-d256;gap-t42-d4;gap-t42-d4096;gap-t42-d64;gap-t56-d1024;gap-t56-d16;gap-t56-d16384;gap-t56-d256;gap-t56-d4;gap-t56-d4096;gap-t56-d64,frontier03700,acic-gap-tune,csc710,batch,COMPLETED,2026-09-24T06:02:03,2026-09-24T06:04:22,00:02:19,frontier03700,"current-state.md: `mesh24-z` (16.8M vertices, 67.1M edges)","a1f4052 2026-09-24 Frontier mesh24-z: no win at any node count (best 1.08x GAPBS, 1.13x Wasp at 16 nodes), as predicted",
5538411,frontier-campaign,run.py,85,85,mesh24-z,wasp,wasp-t14-d1024;wasp-t14-d16;wasp-t14-d16384;wasp-t14-d256;wasp-t14-d4;wasp-t14-d4096;wasp-t14-d64;wasp-t28-d1024;wasp-t28-d16;wasp-t28-d16384;wasp-t28-d256;wasp-t28-d4;wasp-t28-d4096;wasp-t28-d64;wasp-t42-d1024;wasp-t42-d16;wasp-t42-d16384;wasp-t42-d256;wasp-t42-d4;wasp-t42-d4096;wasp-t42-d64;wasp-t56-d1024;wasp-t56-d16;wasp-t56-d16384;wasp-t56-d256;wasp-t56-d4;wasp-t56-d4096;wasp-t56-d64,frontier03064,acic-gap-tune,csc710,batch,COMPLETED,2026-09-24T06:02:03,2026-09-24T06:06:19,00:04:16,frontier03064,"current-state.md: `mesh24-z` (16.8M vertices, 67.1M edges)","a1f4052 2026-09-24 Frontier mesh24-z: no win at any node count (best 1.08x GAPBS, 1.13x Wasp at 16 nodes), as predicted",
5538412,frontier-campaign,onenode_ab,96,96,mesh24-z,acic,n16_s8;n16_s8_control;n1_s8;n2_s8;n4_s8;n8_s8,"frontier[00601,01533,01662,02043,02279,02430,02483,02595,02815,02926,03065,03078,03326,03577,03701,03834]",acic-ab,csc710,batch,COMPLETED,2026-09-24T06:02:03,2026-09-24T06:03:13,00:01:10,"frontier[00601,01533,01662,02043,02279,02430,02483,02595,02815,02926,03065,03078,03326,03577,03701,03834]","current-state.md: `mesh24-z` (16.8M vertices, 67.1M edges)","a1f4052 2026-09-24 Frontier mesh24-z: no win at any node count (best 1.08x GAPBS, 1.13x Wasp at 16 nodes), as predicted",
5538413,frontier-campaign,onenode_ab,96,96,mesh24-z,acic,n16_s8;n16_s8_control;n1_s8;n2_s8;n4_s8;n8_s8,"frontier[00602,01664,02047,02284,02431,02544,02613,02929,03066,03079,03580,03702,03958,04087,04216,04343]",acic-ab,csc710,batch,COMPLETED,2026-09-24T06:02:03,2026-09-24T06:03:16,00:01:13,"frontier[00602,01664,02047,02284,02431,02544,02613,02929,03066,03079,03580,03702,03958,04087,04216,04343]","current-state.md: `mesh24-z` (16.8M vertices, 67.1M edges)","a1f4052 2026-09-24 Frontier mesh24-z: no win at any node count (best 1.08x GAPBS, 1.13x Wasp at 16 nodes), as predicted",
5538463,frontier-campaign,onenode_ab,1020,1020,orkut;rmat25;rmat26;rmat27;uniform25,acic,control;frozen;n16_s8,"frontier[00582,02929,03063,03433,03576,03700,04092,05296,05870,05969,06194,06508,06715,06841,06974,07074]",acic-ab,csc710,batch,COMPLETED,2026-09-24T06:53:42,2026-09-24T07:13:14,00:19:32,"frontier[00582,02929,03063,03433,03576,03700,04092,05296,05870,05969,06194,06508,06715,06841,06974,07074]","current-state.md: 10. Frontier gates: RMAT regression NO-GO by the recorded rule; spanning tree kept, small effect","9b34c1c 2026-09-24 Frontier gates: RMAT regression NO-GO by the recorded rule (rmat26, rmat27); spanning tree kept with a small effect",
5538464,frontier-campaign,onenode_ab,1020,1020,orkut;rmat25;rmat26;rmat27;uniform25,acic,control;frozen;n16_s8,"frontier[06773,06859,06983,07080,07238,07365,07465,07576,07683,07816,07942,08071,08196,08324,08574,08581]",acic-ab,csc710,batch,COMPLETED,2026-09-24T06:53:42,2026-09-24T07:13:13,00:19:31,"frontier[06773,06859,06983,07080,07238,07365,07465,07576,07683,07816,07942,08071,08196,08324,08574,08581]","current-state.md: 10. Frontier gates: RMAT regression NO-GO by the recorded rule; spanning tree kept, small effect","9b34c1c 2026-09-24 Frontier gates: RMAT regression NO-GO by the recorded rule (rmat26, rmat27); spanning tree kept with a small effect",
5538465,frontier-campaign,run.py,16,16,mesh26-z,gap,gap-t56-d4096,frontier08712,acic-gap-tune,csc710,batch,COMPLETED,2026-09-24T06:53:42,2026-09-24T06:54:16,00:00:34,frontier08712,"current-state.md: `mesh26-z` (67.1M vertices, 268.4M edges)","9b34c1c 2026-09-24 Frontier gates: RMAT regression NO-GO by the recorded rule (rmat26, rmat27); spanning tree kept with a small effect",
5538468,frontier-campaign,onenode_ab,64,64,road-usa-z,acic,n8_4x14_cap7;n8_4x14_cap7_flat;n8_w128k;n8_w128k_control;n8_w128k_flat;n8_w32k;n8_w32k_flat;n8_w64k,"frontier[03427,07240,07369,07475,07804,07854,07998,08138]",acic-ab,csc710,batch,COMPLETED,2026-09-24T06:55:39,2026-09-24T06:57:14,00:01:35,"frontier[03427,07240,07369,07475,07804,07854,07998,08138]","current-state.md: 10. Frontier gates: RMAT regression NO-GO by the recorded rule; spanning tree kept, small effect","9b34c1c 2026-09-24 Frontier gates: RMAT regression NO-GO by the recorded rule (rmat26, rmat27); spanning tree kept with a small effect",
5538469,frontier-campaign,onenode_ab,64,64,road-usa-z,acic,n8_4x14_cap7;n8_4x14_cap7_flat;n8_w128k;n8_w128k_control;n8_w128k_flat;n8_w32k;n8_w32k_flat;n8_w64k,"frontier[08259,08381,08575,08640,08712,08905,08964,09161]",acic-ab,csc710,batch,COMPLETED,2026-09-24T06:55:39,2026-09-24T06:57:11,00:01:32,"frontier[08259,08381,08575,08640,08712,08905,08964,09161]","current-state.md: 10. Frontier gates: RMAT regression NO-GO by the recorded rule; spanning tree kept, small effect","9b34c1c 2026-09-24 Frontier gates: RMAT regression NO-GO by the recorded rule (rmat26, rmat27); spanning tree kept with a small effect",
5538752,frontier-campaign,onenode_ab,288,288,rmat25;rmat26;rmat27;uniform25,acic,control;frozen;tb;tbh,"frontier[00076,00196,00337,00694,00856,00979,01039,01237,01365,01413,01576,01687,01834,01989,02131,02238]",acic-ab,csc710,batch,COMPLETED,2026-09-24T08:51:44,2026-09-24T09:06:23,00:14:39,"frontier[00076,00196,00337,00694,00856,00979,01039,01237,01365,01413,01576,01687,01834,01989,02131,02238]",current-state.md: 11. RMAT profile: the waste is updates to hubs that are already final,"78c4fde 2026-09-24 Record the RMAT profile, the micro-fix A/B and hub hints v2 at 16 nodes",
5538753,frontier-campaign,onenode_ab,288,288,rmat25;rmat26;rmat27;uniform25,acic,control;frozen;tb;tbh,"frontier[00983,01458,01649,01724,02031,02425,02533,02669,02926,03050,03118,03326,03561,03641,03827,03958]",acic-ab,csc710,batch,COMPLETED,2026-09-24T08:51:44,2026-09-24T09:06:32,00:14:48,"frontier[00983,01458,01649,01724,02031,02425,02533,02669,02926,03050,03118,03326,03561,03641,03827,03958]",current-state.md: 11. RMAT profile: the waste is updates to hubs that are already final,"78c4fde 2026-09-24 Record the RMAT profile, the micro-fix A/B and hub hints v2 at 16 nodes",
5538859,frontier-campaign,onenode_ab,432,432,rmat25;rmat26;rmat27;uniform25,acic,control;frozen;h1024;h256;h64;hint_off,"frontier[00026,00152,00259,00391,00526,00648,00825,00956,01039,01181,01311,01413,01572,01668,01829,01946]",acic-ab,csc710,batch,COMPLETED,2026-09-24T09:11:30,2026-09-24T09:31:14,00:19:44,"frontier[00026,00152,00259,00391,00526,00648,00825,00956,01039,01181,01311,01413,01572,01668,01829,01946]",optimization-ledger.md: Current ledger,"4610fe6 2026-09-24 Hub hints v2: auto gate on the lazy-heavy regime, |V|/32 table, one outbox lock per round",
5538861,frontier-campaign,onenode_ab,432,432,rmat25;rmat26;rmat27;uniform25,acic,control;frozen;h1024;h256;h64;hint_off,"frontier[00070,00193,00288,00425,00535,00694,00846,00978,01061,01236,01365,01458,01576,01687,01834,01989]",acic-ab,csc710,batch,COMPLETED,2026-09-24T09:11:30,2026-09-24T09:31:09,00:19:39,"frontier[00070,00193,00288,00425,00535,00694,00846,00978,01061,01236,01365,01458,01576,01687,01834,01989]",optimization-ledger.md: Current ledger,"78c4fde 2026-09-24 Record the RMAT profile, the micro-fix A/B and hub hints v2 at 16 nodes",
5538953,frontier-campaign,onenode_ab,540,540,orkut;rmat25;rmat26;rmat27;uniform25,acic,control;frozen;h2;h2b19;h2b23;h2tls,"frontier[00072,00215,00297,00463,00531,00712,00846,00978,01099,01236,01365,01430,01582,01668,01829,01946]",acic-ab,csc710,batch,COMPLETED,2026-09-24T09:36:07,2026-09-24T09:58:28,00:22:21,"frontier[00072,00215,00297,00463,00531,00712,00846,00978,01099,01236,01365,01430,01582,01668,01829,01946]",current-state.md: 11. RMAT profile: the waste is updates to hubs that are already final,"78c4fde 2026-09-24 Record the RMAT profile, the micro-fix A/B and hub hints v2 at 16 nodes",
5538954,frontier-campaign,onenode_ab,540,540,orkut;rmat25;rmat26;rmat27;uniform25,acic,control;frozen;h2;h2b19;h2b23;h2tls,"frontier[00083,00218,00344,00467,00535,00735,00847,00980,01107,01238,01368,01458,01617,01687,01834,01989]",acic-ab,csc710,batch,COMPLETED,2026-09-24T09:36:07,2026-09-24T09:58:23,00:22:16,"frontier[00083,00218,00344,00467,00535,00735,00847,00980,01107,01238,01368,01458,01617,01687,01834,01989]",current-state.md: 11. RMAT profile: the waste is updates to hubs that are already final,"78c4fde 2026-09-24 Record the RMAT profile, the micro-fix A/B and hub hints v2 at 16 nodes",
5539286,frontier-campaign,onenode_ab;run.py,225,225,orkut;rmat25;uniform25,acic;gluon,frozen;gluon-async;gluon-async-r1-cvc-d64;gluon-async-r1-oec-d0;gluon-async-r1-oec-d1024;gluon-async-r1-oec-d64;gluon-async-r8-cvc-d0;gluon-async-r8-cvc-d1024;gluon-async-r8-cvc-d64;gluon-async-r8-oec-d0;gluon-async-r8-oec-d1024;gluon-async-r8-oec-d64;gluon-sync;gluon-sync-r1-cvc-d64;gluon-sync-r1-oec-d64;gluon-sync-r8-cvc-d64;gluon-sync-r8-oec-d0;gluon-sync-r8-oec-d1024;gluon-sync-r8-oec-d64;h2tls,"frontier[05162,05364,05429,05616,05742,05873,05937,06079,06206,06326,06494,06591,06712,06832,06959,07106]",acic-gluon,csc710,batch,COMPLETED,2026-09-24T11:19:57,2026-09-24T11:40:11,00:20:14,"frontier[05162,05364,05429,05616,05742,05873,05937,06079,06206,06326,06494,06591,06712,06832,06959,07106]",current-state.md: Implementations,"6e7368f 2026-09-24 Gluon at 16 nodes, scale-free: ACIC 1.5-16x faster on every held-out source, two allocations",
5539287,frontier-campaign,onenode_ab;run.py,45,45,rmat26,acic;gluon,gluon-async;gluon-async-r1-cvc-d64;gluon-async-r1-oec-d64;gluon-async-r8-cvc-d0;gluon-async-r8-cvc-d1024;gluon-async-r8-cvc-d64;gluon-async-r8-oec-d64;gluon-sync;gluon-sync-r1-cvc-d64;gluon-sync-r1-oec-d64;gluon-sync-r8-cvc-d64;gluon-sync-r8-oec-d0;gluon-sync-r8-oec-d1024;gluon-sync-r8-oec-d64;h2tls,"frontier[06136,06247,06385,06508,06635,06761,06833,06960,07145,07213,07339,07485,07622,07733,07857,07984]",acic-gluon,csc710,batch,COMPLETED,2026-09-24T11:19:57,2026-09-24T11:27:42,00:07:45,"frontier[06136,06247,06385,06508,06635,06761,06833,06960,07145,07213,07339,07485,07622,07733,07857,07984]",current-state.md: 13. Gluon: how it was run and why it loses,"6e7368f 2026-09-24 Gluon at 16 nodes, scale-free: ACIC 1.5-16x faster on every held-out source, two allocations",
5539899,frontier-campaign,onenode_ab;run.py,75,75,rmat26,acic;gluon,frozen;gluon-async;gluon-async-r1-cvc-d64;gluon-async-r1-oec-d64;gluon-async-r8-cvc-d0;gluon-async-r8-cvc-d1024;gluon-async-r8-cvc-d64;gluon-async-r8-oec-d64;gluon-sync;gluon-sync-r1-cvc-d64;gluon-sync-r1-oec-d64;gluon-sync-r8-cvc-d64;gluon-sync-r8-oec-d0;gluon-sync-r8-oec-d1024;gluon-sync-r8-oec-d64;h2tls,"frontier[02300,03837,04088,04348,04505,04987,05116,05373,05501,05626,05746,06778,06911,07293,08447,08572]",acic-gluon,csc710,batch,COMPLETED,2026-09-24T12:25:20,2026-09-24T12:31:15,00:05:55,"frontier[02300,03837,04088,04348,04505,04987,05116,05373,05501,05626,05746,06778,06911,07293,08447,08572]","current-state.md: `rmat26` (67.1M vertices, 2,103.8M edges)","6e7368f 2026-09-24 Gluon at 16 nodes, scale-free: ACIC 1.5-16x faster on every held-out source, two allocations",
5539900,frontier-campaign,onenode_ab;run.py,75,75,rmat27,acic;gluon,frozen;gluon-async;gluon-async-r1-cvc-d64;gluon-async-r1-oec-d64;gluon-async-r8-cvc-d0;gluon-async-r8-cvc-d1024;gluon-async-r8-cvc-d64;gluon-async-r8-oec-d64;gluon-sync;gluon-sync-r1-cvc-d64;gluon-sync-r1-oec-d64;gluon-sync-r8-cvc-d0;gluon-sync-r8-cvc-d1024;gluon-sync-r8-cvc-d64;gluon-sync-r8-oec-d64;h2tls,"frontier[00249,00375,00503,00885,01141,01396,02554,02939,04479,04860,04989,05118,05503,05883,06015,06144]",acic-gluon,csc710,batch,COMPLETED,2026-09-24T12:26:01,2026-09-24T12:37:18,00:11:17,"frontier[00249,00375,00503,00885,01141,01396,02554,02939,04479,04860,04989,05118,05503,05883,06015,06144]","current-state.md: `rmat27` (134.2M vertices, 4,223.3M edges)","6e7368f 2026-09-24 Gluon at 16 nodes, scale-free: ACIC 1.5-16x faster on every held-out source, two allocations",
5539901,frontier-campaign,onenode_ab;run.py,118,117,mesh24-z;road-usa-z,acic;gluon,frozen;gluon-async;gluon-async-r1-cvc-d1024;gluon-async-r1-oec-d1024;gluon-async-r8-cvc-d1024;gluon-async-r8-oec-d0;gluon-async-r8-oec-d1024;gluon-async-r8-oec-d16384;gluon-async-r8-oec-d4096;gluon-async-r8-oec-d64;gluon-async-r8-oec-d65536;gluon-sync;gluon-sync-r1-cvc-d1024;gluon-sync-r1-oec-d0;gluon-sync-r1-oec-d1024;gluon-sync-r1-oec-d16384;gluon-sync-r1-oec-d4096;gluon-sync-r1-oec-d64;gluon-sync-r1-oec-d65536;gluon-sync-r8-cvc-d1024;gluon-sync-r8-oec-d1024;h2tls,"frontier[10126-10132,10136,10138,10140-10141,10145,10147-10150]",acic-gluon,csc710,batch,TIMEOUT,2026-09-24T13:49:23,2026-09-24T14:49:41,01:00:18,"frontier[10126-10132,10136,10138,10140-10141,10145,10147-10150]",,,
5539902,frontier-campaign,onenode_ab;run.py,55,51,mesh26-z,acic;gluon,frozen;gluon-async-r1-cvc-d1024;gluon-async-r1-oec-d1024;gluon-async-r8-cvc-d1024;gluon-async-r8-oec-d0;gluon-async-r8-oec-d1024;gluon-async-r8-oec-d4096;gluon-async-r8-oec-d64;gluon-async-r8-oec-d65536;gluon-sync-r1-cvc-d1024;gluon-sync-r1-oec-d1024;gluon-sync-r1-oec-d16384;gluon-sync-r1-oec-d4096;gluon-sync-r1-oec-d64;gluon-sync-r1-oec-d65536;gluon-sync-r8-cvc-d1024;gluon-sync-r8-oec-d1024;h2tls,"frontier[00517,00520,00523,00527,00529-00530,00532-00533,00538,00540-00542,00547-00549,00551]",acic-gluon,csc710,batch,TIMEOUT,2026-09-24T13:49:25,2026-09-24T14:49:41,01:00:16,"frontier[00517,00520,00523,00527,00529-00530,00532-00533,00538,00540-00542,00547-00549,00551]",,61d9afb 2026-09-22 8-node mesh beats one-node GAPBS on training sources; record held-out C6 run before submission,
5539985,frontier-campaign,onenode_ab;run.py,365,365,orkut;rmat25;rmat26;rmat27;uniform25,acic;gluon,frozen;gluon-async;gluon-async-r1-cvc-d64;gluon-async-r1-oec-d0;gluon-async-r1-oec-d1024;gluon-async-r1-oec-d64;gluon-async-r8-cvc-d0;gluon-async-r8-cvc-d1024;gluon-async-r8-cvc-d64;gluon-async-r8-oec-d0;gluon-async-r8-oec-d1024;gluon-async-r8-oec-d64;gluon-sync;gluon-sync-r1-cvc-d64;gluon-sync-r1-oec-d64;gluon-sync-r8-cvc-d0;gluon-sync-r8-cvc-d1024;gluon-sync-r8-cvc-d64;gluon-sync-r8-oec-d0;gluon-sync-r8-oec-d1024;gluon-sync-r8-oec-d64;h2tls,"frontier[00128,01664,01917,02043,02176,02941,04477,04733,05369,05500,05622,05752,06015,06518,06647,06779]",acic-gluon,csc710,batch,COMPLETED,2026-09-24T12:38:57,2026-09-24T13:09:08,00:30:11,"frontier[00128,01664,01917,02043,02176,02941,04477,04733,05369,05500,05622,05752,06015,06518,06647,06779]","current-state.md: `orkut` (3.1M vertices, 234.4M edges)","6e7368f 2026-09-24 Gluon at 16 nodes, scale-free: ACIC 1.5-16x faster on every held-out source, two allocations",
5541195,frontier-campaign,onenode_ab;run.py,58,58,road-usa-z,acic;gluon,frozen;gluon-async;gluon-async-r1-cvc-d524288;gluon-async-r1-oec-d524288;gluon-async-r8-cvc-d524288;gluon-async-r8-oec-d0;gluon-async-r8-oec-d2097152;gluon-async-r8-oec-d32768;gluon-async-r8-oec-d524288;gluon-async-r8-oec-d8388608;h2tls,"frontier[02940,03044,03046,03199-03200,03322,03448,03456,03555,03558,03709,03712,03780,03784,04178,04295]",acic-gluon,csc710,batch,COMPLETED,2026-09-24T14:39:50,2026-09-24T14:44:12,00:04:22,"frontier[02940,03044,03046,03199-03200,03322,03448,03456,03555,03558,03709,03712,03780,03784,04178,04295]","current-state.md: `road-usa-z` (23.9M vertices, 57.7M edges)","4b40351 2026-09-24 Gluon at 16 nodes, mesh and road: ACIC 26-73x faster; the TLS build is 1.17-1.27x on mesh and road",
5541196,frontier-campaign,onenode_ab;run.py,178,178,mesh24-z;mesh26-z;road-usa-z,acic;gluon,frozen;gluon-async;gluon-async-r1-cvc-d1024;gluon-async-r1-cvc-d524288;gluon-async-r1-oec-d1024;gluon-async-r1-oec-d524288;gluon-async-r8-cvc-d1024;gluon-async-r8-cvc-d524288;gluon-async-r8-oec-d0;gluon-async-r8-oec-d1024;gluon-async-r8-oec-d16384;gluon-async-r8-oec-d2097152;gluon-async-r8-oec-d32768;gluon-async-r8-oec-d4096;gluon-async-r8-oec-d524288;gluon-async-r8-oec-d64;gluon-async-r8-oec-d65536;gluon-async-r8-oec-d8388608;h2tls,"frontier[01790,02172,02414,02892,03017,03179,03428,03560,04187,04284,04409,04536,04641,06500,06782,09208]",acic-gluon,csc710,batch,COMPLETED,2026-09-24T14:40:52,2026-09-24T14:59:59,00:19:07,"frontier[01790,02172,02414,02892,03017,03179,03428,03560,04187,04284,04409,04536,04641,06500,06782,09208]","current-state.md: `mesh24-z` (16.8M vertices, 67.1M edges)","4b40351 2026-09-24 Gluon at 16 nodes, mesh and road: ACIC 26-73x faster; the TLS build is 1.17-1.27x on mesh and road",
5541240,frontier-campaign,onenode_ab;run.py,120,120,mesh24-z;mesh26-z,acic;gluon,frozen;gluon-async;gluon-async-r1-cvc-d1024;gluon-async-r1-oec-d1024;gluon-async-r8-cvc-d1024;gluon-async-r8-oec-d0;gluon-async-r8-oec-d1024;gluon-async-r8-oec-d16384;gluon-async-r8-oec-d4096;gluon-async-r8-oec-d64;gluon-async-r8-oec-d65536;h2tls,"frontier[02920-02921,03304-03305,03564-03565,03811,03959,03965,04565,04702,04840,05094,05208,05349,06615]",acic-gluon,csc710,batch,COMPLETED,2026-09-24T14:42:54,2026-09-24T14:57:54,00:15:00,"frontier[02920-02921,03304-03305,03564-03565,03811,03959,03965,04565,04702,04840,05094,05208,05349,06615]",current-state.md: Implementations,"4b40351 2026-09-24 Gluon at 16 nodes, mesh and road: ACIC 26-73x faster; the TLS build is 1.17-1.27x on mesh and road",
5541358,frontier-campaign,run.py,86,75,road-eu-z;road-na-z,gap,gap-t56-d131072;gap-t56-d2097152;gap-t56-d32768;gap-t56-d33554432;gap-t56-d524288;gap-t56-d8192;gap-t56-d8388608,frontier02892,acic-gap-tune,csc710,batch,COMPLETED,2026-09-24T15:00:29,2026-09-24T15:46:53,00:46:24,frontier02892,"current-state.md: `road-na-z` (62.1M vertices, 155.0M edges)","f9d82f1 2026-09-24 large-scale-plan: stage status, the 64-node PMI failure and rerun",
5541359,frontier-campaign,run.py,86,74,road-eu-z;road-na-z,wasp,wasp-t56-d131072;wasp-t56-d2097152;wasp-t56-d32768;wasp-t56-d33554432;wasp-t56-d524288;wasp-t56-d8192;wasp-t56-d8388608,frontier03017,acic-gap-tune,csc710,batch,COMPLETED,2026-09-24T15:00:29,2026-09-24T15:45:25,00:44:56,frontier03017,"current-state.md: `road-na-z` (62.1M vertices, 155.0M edges)","f9d82f1 2026-09-24 large-scale-plan: stage status, the 64-node PMI failure and rerun",
5541364,frontier-campaign,onenode_ab,96,96,road-eu-z;road-na-z,acic,plain;w128k;w16k;w32k;w64k;w8k,"frontier[00038,00203,00360,00622,00694,01395,01460,01584,01685,01826,01974,02078,02205,02330,02466,02765]",acic-ab,csc710,batch,COMPLETED,2026-09-24T14:59:30,2026-09-24T15:03:34,00:04:04,"frontier[00038,00203,00360,00622,00694,01395,01460,01584,01685,01826,01974,02078,02205,02330,02466,02765]",large-scale-plan.md: Matrix,"36d290b 2026-09-24 Larger-input road/mesh study (at most 64 nodes): plan, variants with predictions, pinned-baseline options",
5541369,frontier-campaign,onenode_ab;run.py,142,142,mesh24-z;road-usa-z,acic;gluon;riken,frozen;gluon-async;gluon-async-r1-cvc-d1024;gluon-async-r1-cvc-d524288;gluon-async-r1-oec-d0;gluon-async-r1-oec-d1024;gluon-async-r1-oec-d16384;gluon-async-r1-oec-d2097152;gluon-async-r1-oec-d32768;gluon-async-r1-oec-d4096;gluon-async-r1-oec-d524288;gluon-async-r1-oec-d64;gluon-async-r1-oec-d65536;gluon-async-r1-oec-d8388608;gluon-async-r8-cvc-d1024;gluon-async-r8-cvc-d524288;gluon-async-r8-oec-d1024;gluon-async-r8-oec-d524288;riken;riken-r2-d64;riken-r4-d64;riken-r56-d1024;riken-r56-d16;riken-r56-d256;riken-r56-d64;riken-r8-d64;tls,"frontier[03428,03560,04187,06226]",acic-gluon,csc710,batch,COMPLETED,2026-09-24T15:01:31,2026-09-24T15:23:25,00:21:54,"frontier[03428,03560,04187,06226]",current-state.md: Implementations,"f9d82f1 2026-09-24 large-scale-plan: stage status, the 64-node PMI failure and rerun",
5541370,frontier-campaign,onenode_ab;run.py,142,142,mesh26-z;road-usa-z,acic;gluon;riken,frozen;gluon-async;gluon-async-r1-cvc-d1024;gluon-async-r1-cvc-d524288;gluon-async-r1-oec-d1024;gluon-async-r1-oec-d524288;gluon-async-r8-cvc-d1024;gluon-async-r8-cvc-d524288;gluon-async-r8-oec-d0;gluon-async-r8-oec-d1024;gluon-async-r8-oec-d16384;gluon-async-r8-oec-d2097152;gluon-async-r8-oec-d32768;gluon-async-r8-oec-d4096;gluon-async-r8-oec-d524288;gluon-async-r8-oec-d64;gluon-async-r8-oec-d65536;gluon-async-r8-oec-d8388608;riken;riken-r2-d64;riken-r4-d64;riken-r56-d1024;riken-r56-d16;riken-r56-d256;riken-r56-d64;riken-r8-d64;tls,"frontier[02782,02905,03033,03168,03419,03547,03677,03827,04087,04189,04326,04471,04585,04721,04849,04977]",acic-gluon,csc710,batch,COMPLETED,2026-09-24T15:06:41,2026-09-24T15:44:39,00:37:58,"frontier[02782,02905,03033,03168,03419,03547,03677,03827,04087,04189,04326,04471,04585,04721,04849,04977]","current-state.md: `mesh26-z` (67.1M vertices, 268.4M edges)","f9d82f1 2026-09-24 large-scale-plan: stage status, the 64-node PMI failure and rerun",
5541371,frontier-campaign,run.py,78,78,mesh26-z;road-usa-z,gluon;riken,gluon-async;gluon-async-r1-cvc-d1024;gluon-async-r1-cvc-d524288;gluon-async-r1-oec-d1024;gluon-async-r1-oec-d524288;gluon-async-r8-cvc-d1024;gluon-async-r8-cvc-d524288;gluon-async-r8-oec-d0;gluon-async-r8-oec-d1024;gluon-async-r8-oec-d16384;gluon-async-r8-oec-d2097152;gluon-async-r8-oec-d32768;gluon-async-r8-oec-d4096;gluon-async-r8-oec-d524288;gluon-async-r8-oec-d64;gluon-async-r8-oec-d65536;gluon-async-r8-oec-d8388608;riken;riken-r2-d64;riken-r4-d64;riken-r56-d64;riken-r8-d1024;riken-r8-d16;riken-r8-d256;riken-r8-d64,"frontier[02784,02803,02813,02906,02912,02914,03034-03035,03063,03169-03170,03175,03420-03421,03429,03548-03549,03678-03679,03832,03834,04093-04094,04190,04331,04333,04472-04473,04591-04592,04722,04724,04850-04851,04978,04982,05109-05110,05231,05235,05370-05371,05491,05493,05611,05617,05736,05740,05866-05867,05987,05999,06110-06111,06238,06240,06365,06367,06490-06491,06620-06621,09337,09343]",acic-gluon,csc710,batch,COMPLETED,2026-09-24T15:06:41,2026-09-24T15:27:55,00:21:14,"frontier[02784,02803,02813,02906,02912,02914,03034-03035,03063,03169-03170,03175,03420-03421,03429,03548-03549,03678-03679,03832,03834,04093-04094,04190,04331,04333,04472-04473,04591-04592,04722,04724,04850-04851,04978,04982,05109-05110,05231,05235,05370-05371,05491,05493,05611,05617,05736,05740,05866-05867,05987,05999,06110-06111,06238,06240,06365,06367,06490-06491,06620-06621,09337,09343]","current-state.md: `mesh26-z` (67.1M vertices, 268.4M edges)",cf42624 2026-09-24 64 nodes: size the Cray PMI KVS from the rank count; SKIP_ACIC for baseline-only jobs,
5541426,frontier-campaign,onenode_ab;run.py,77,72,road-eu-z;road-na-z,acic;gluon;riken,frozen;gluon-async-r1-cvc-d2097152;gluon-async-r1-oec-d2097152;gluon-async-r8-cvc-d2097152;gluon-async-r8-oec-d0;gluon-async-r8-oec-d131072;gluon-async-r8-oec-d2097152;riken-r2-d131072;riken-r4-d131072;riken-r56-d131072;riken-r8-d131072;tls,"frontier[05868,05870,05873,05882]",acic-gluon,csc710,batch,CANCELLED by 19025,2026-09-24T15:06:41,2026-09-24T15:47:40,00:40:59,"frontier[05868,05870,05873,05882]","current-state.md: `road-na-z` (62.1M vertices, 155.0M edges)","f9d82f1 2026-09-24 large-scale-plan: stage status, the 64-node PMI failure and rerun",
5541428,frontier-campaign,onenode_ab;run.py,118,108,road-eu-z;road-na-z,acic;gluon;riken,frozen;gluon-async;gluon-async-r1-cvc-d2097152;gluon-async-r1-oec-d2097152;gluon-async-r8-cvc-d2097152;gluon-async-r8-oec-d0;gluon-async-r8-oec-d131072;gluon-async-r8-oec-d2097152;riken-r2-d131072;riken-r4-d131072;riken-r56-d131072;riken-r8-d131072;tls,"frontier[02814,02916,03067,03176,03430,03556,03680,03836,04095,04336,04595,04725,04852,04985,05111,05236]",acic-gluon,csc710,batch,COMPLETED,2026-09-24T15:06:41,2026-09-24T16:10:27,01:03:46,"frontier[02814,02916,03067,03176,03430,03556,03680,03836,04095,04336,04595,04725,04852,04985,05111,05236]","current-state.md: `road-na-z` (62.1M vertices, 155.0M edges)","f9d82f1 2026-09-24 large-scale-plan: stage status, the 64-node PMI failure and rerun",
5541429,frontier-campaign,run.py,54,44,road-eu-z;road-na-z,gluon;riken,gluon-async;gluon-async-r1-cvc-d2097152;gluon-async-r1-oec-d2097152;gluon-async-r8-cvc-d2097152;gluon-async-r8-oec-d0;gluon-async-r8-oec-d131072;gluon-async-r8-oec-d2097152;riken-r2-d131072;riken-r4-d131072;riken-r56-d131072;riken-r8-d131072,"frontier[02816,02917,03071,03177,03431,03557,03559,03686-03687,03689,04346-04347,04351,04598-04599,04730,04853-04854,04863,04990-04991,05112,05114,05237-05239,05242,05375,05494-05495,05618,05623,05629-05631,05745,05759,05883-05884,06000-06004,06112-06114,06116,06241-06242,06244,06258,06368,06370-06372,06492-06494,06516,06622-06623,06636,06645]",acic-gluon,csc710,batch,COMPLETED,2026-09-24T15:06:41,2026-09-24T15:44:53,00:38:12,"frontier[02816,02917,03071,03177,03431,03557,03559,03686-03687,03689,04346-04347,04351,04598-04599,04730,04853-04854,04863,04990-04991,05112,05114,05237-05239,05242,05375,05494-05495,05618,05623,05629-05631,05745,05759,05883-05884,06000-06004,06112-06114,06116,06241-06242,06244,06258,06368,06370-06372,06492-06494,06516,06622-06623,06636,06645]","current-state.md: `road-na-z` (62.1M vertices, 155.0M edges)","f9d82f1 2026-09-24 large-scale-plan: stage status, the 64-node PMI failure and rerun",
5541660,frontier-campaign,onenode_ab,128,128,mesh26-z;road-eu-z;road-na-z;road-usa-z,acic,frozen;tls,"frontier[01482,01488,01600,01617,01727-01728,01870,01990,02241,02248,02376-02377,02498-02499,02617,02619,02774,02784,02888,03010,03136,03305,03400,03523,03655,03782,03939,04036,04171,04309,04427,04545,04679,04808,04933,05066,05190,05317,05570,05724,05832,05960,06077,06212,06891,07033,07163,07287,07414,07539,07667,07795,07928,08056,08183,08316,08423,08554,08694,08825,08938,09074,09200,09443]",acic-gluon,csc710,batch,COMPLETED,2026-09-24T17:56:33,2026-09-24T18:01:44,00:05:11,"frontier[01482,01488,01600,01617,01727-01728,01870,01990,02241,02248,02376-02377,02498-02499,02617,02619,02774,02784,02888,03010,03136,03305,03400,03523,03655,03782,03939,04036,04171,04309,04427,04545,04679,04808,04933,05066,05190,05317,05570,05724,05832,05960,06077,06212,06891,07033,07163,07287,07414,07539,07667,07795,07928,08056,08183,08316,08423,08554,08694,08825,08938,09074,09200,09443]",current-state.md: Results by dataset,"f9d82f1 2026-09-24 large-scale-plan: stage status, the 64-node PMI failure and rerun",
5541661,frontier-campaign,run.py,86,86,mesh28-z;mesh30-z,gap,gap-t56-d1024;gap-t56-d16;gap-t56-d16384;gap-t56-d256;gap-t56-d4;gap-t56-d4096;gap-t56-d64,frontier05221,acic-gap-tune,csc710,batch,COMPLETED,2026-09-24T19:37:14,2026-09-24T20:14:23,00:37:09,frontier05221,"current-state.md: `mesh28-z` (268.4M vertices, 1,073.7M edges)","f9d82f1 2026-09-24 large-scale-plan: stage status, the 64-node PMI failure and rerun",
5541662,frontier-campaign,run.py,86,79,mesh28-z;mesh30-z,wasp,wasp-t56-d1024;wasp-t56-d16;wasp-t56-d16384;wasp-t56-d256;wasp-t56-d4;wasp-t56-d4096;wasp-t56-d64,frontier04823,acic-gap-tune,csc710,batch,COMPLETED,2026-09-24T19:37:14,2026-09-24T20:26:13,00:48:59,frontier04823,"current-state.md: `mesh28-z` (268.4M vertices, 1,073.7M edges)","f9d82f1 2026-09-24 large-scale-plan: stage status, the 64-node PMI failure and rerun",
5541663,frontier-campaign,onenode_ab;run.py,43,43,mesh28-z,acic;gluon;riken,frozen;gluon-async;gluon-async-r8-oec-d64;riken;riken-r8-d1024;riken-r8-d64;tls,"frontier[03069,04222,04344,04592,04736,04853,04977,05115,05234,05370,05503,05888,06134,06264,06391,06518]",acic-gluon,csc710,batch,FAILED,2026-09-24T19:58:38,2026-09-24T20:59:11,01:00:33,"frontier[03069,04222,04344,04592,04736,04853,04977,05115,05234,05370,05503,05888,06134,06264,06391,06518]","current-state.md: `mesh28-z` (268.4M vertices, 1,073.7M edges)","f9d82f1 2026-09-24 large-scale-plan: stage status, the 64-node PMI failure and rerun",
5541664,frontier-campaign,onenode_ab;run.py,63,63,mesh28-z,acic;gluon;riken,frozen;gluon-async;gluon-async-r8-oec-d64;riken;riken-r8-d1024;riken-r8-d64;tls,"frontier[03277,03284,03497-03499,03618,03626-03627,03741,03743,03750,03908-03909,04009-04010,04253,04262-04263,04521-04522,04648,04782,04905,05153,05161-05162,05258,05286-05287,05415-05416,05428,05541-05542,05555,05688,05697-05698,05775,05796,05813,05937,05942,06049,06060-06061,06180,06188,06190,06280-06281,06284,06692-06693,06826-06827,06948,07072-07073,07194-07195,07321-07322,08694]",acic-gluon,csc710,batch,COMPLETED,2026-09-24T19:39:17,2026-09-24T20:27:17,00:48:00,"frontier[03277,03284,03497-03499,03618,03626-03627,03741,03743,03750,03908-03909,04009-04010,04253,04262-04263,04521-04522,04648,04782,04905,05153,05161-05162,05258,05286-05287,05415-05416,05428,05541-05542,05555,05688,05697-05698,05775,05796,05813,05937,05942,06049,06060-06061,06180,06188,06190,06280-06281,06284,06692-06693,06826-06827,06948,07072-07073,07194-07195,07321-07322,08694]","current-state.md: `mesh28-z` (268.4M vertices, 1,073.7M edges)","f9d82f1 2026-09-24 large-scale-plan: stage status, the 64-node PMI failure and rerun",
5541665,frontier-campaign,onenode_ab;run.py,35,35,mesh30-z,acic;gluon,frozen;gluon-async;gluon-async-r8-oec-d64;tls,"frontier[01482,01623,01727,01867,01980,02116,02253,02367,02506,02625,02773,02880,03005,03268,03373,03489,03615,03734,03989,04119,04247,04402,04606,04633,04759,04886,05033,05150,05275,05413,05541,05678]",acic-gluon,csc710,batch,COMPLETED,2026-09-24T21:24:04,2026-09-24T21:57:07,00:33:03,"frontier[01482,01623,01727,01867,01980,02116,02253,02367,02506,02625,02773,02880,03005,03268,03373,03489,03615,03734,03989,04119,04247,04402,04606,04633,04759,04886,05033,05150,05275,05413,05541,05678]","current-state.md: `mesh30-z` (1,073.7M vertices, 4,294.8M edges)","f9d82f1 2026-09-24 large-scale-plan: stage status, the 64-node PMI failure and rerun",
5541666,frontier-campaign,run.py,2,0,mesh30-z,riken,riken-r8-d64,"frontier[01483,01633,01728,01869,02118,02255,02368,02516,02629,02774,02881,03009,03269,03375,03490,03616,03739,04000,04120,04254,04403,04766,04894,05035,05151,05276,05415,05542,05679,05798,05927,06049]",acic-gluon,csc710,batch,COMPLETED,2026-09-24T21:24:04,2026-09-24T22:17:15,00:53:11,"frontier[01483,01633,01728,01869,02118,02255,02368,02516,02629,02774,02881,03009,03269,03375,03490,03616,03739,04000,04120,04254,04403,04766,04894,05035,05151,05276,05415,05542,05679,05798,05927,06049]",large-scale-plan.md: Stages (allocation A),"a2721f6 2026-09-23 Frontier mesh strong scaling 1-16 nodes (6.6x, time falls at every doubling) and causal ablation (each queue/batch/slice step faster on every source)",
5541667,frontier-campaign,onenode_ab;run.py,35,35,mesh30-z,acic;gluon,frozen;gluon-async;gluon-async-r8-oec-d64;tls,"frontier[01508,02775,02892-02893,03010,03020,03270,03491-03492,03617-03618,03743-03744,04001-04002,04255-04256,04475,04768,04855,04895,05152-05153,05277,05279,05416,05419,05630-05631,05682-05683,05801-05802,05928-05929,06050-06051,06180-06181,06304-06305,06693,06695,07193-07194,07317-07318,07514,07619,07750,07877-07878,08004-08005,08129,08262,08521,08669,08802,08908,09039,09165,09289,09425]",acic-gluon,csc710,batch,COMPLETED,2026-09-24T21:24:04,2026-09-24T21:50:29,00:26:25,"frontier[01508,02775,02892-02893,03010,03020,03270,03491-03492,03617-03618,03743-03744,04001-04002,04255-04256,04475,04768,04855,04895,05152-05153,05277,05279,05416,05419,05630-05631,05682-05683,05801-05802,05928-05929,06050-06051,06180-06181,06304-06305,06693,06695,07193-07194,07317-07318,07514,07619,07750,07877-07878,08004-08005,08129,08262,08521,08669,08802,08908,09039,09165,09289,09425]","current-state.md: `mesh30-z` (1,073.7M vertices, 4,294.8M edges)","f9d82f1 2026-09-24 large-scale-plan: stage status, the 64-node PMI failure and rerun",
5541668,frontier-campaign,run.py,4,3,mesh30-z,riken,riken-r8-d1024;riken-r8-d64,"frontier[02547,02803,02940,03039,03754,04096,04274,04378-04379,04382-04390,04774,04822,04903,05027-05032,05037-05040,05155,05160,05426,05501,05554,05696,05812,05935,06054,06059,06143,06177,06185,06187,06308,06312,06700,07195,07200,07331,07676,07930,08446,08562,08564,08700,08702,08832,09079-09080,09195,09200,09461]",acic-gluon,csc710,batch,COMPLETED,2026-09-24T21:31:30,2026-09-24T23:04:30,01:33:00,"frontier[02547,02803,02940,03039,03754,04096,04274,04378-04379,04382-04390,04774,04822,04903,05027-05032,05037-05040,05155,05160,05426,05501,05554,05696,05812,05935,06054,06059,06143,06177,06185,06187,06308,06312,06700,07195,07200,07331,07676,07930,08446,08562,08564,08700,08702,08832,09079-09080,09195,09200,09461]",large-scale-plan.md: Stages (allocation A),"f9d82f1 2026-09-24 large-scale-plan: stage status, the 64-node PMI failure and rerun",
5541713,frontier-campaign,run.py,9,9,road-na-z,riken,riken;riken-r56-d131072,"frontier[08380,08485,08606,08739]",acic-gluon,csc710,batch,FAILED,2026-09-24T19:50:31,2026-09-24T20:59:00,01:08:29,"frontier[08380,08485,08606,08739]","current-state.md: `road-na-z` (62.1M vertices, 155.0M edges)",7e06985 2026-09-24 RIKEN on OSM roads: --riken-tolerance accepts inexact runs and records the error; 4-node Gluon rerun pinned to r8 oec,
5541714,frontier-campaign,run.py,5,5,road-eu-z,riken,riken;riken-r56-d131072,"frontier[00623,00633-00635]",acic-gluon,csc710,batch,COMPLETED,2026-09-24T21:35:55,2026-09-24T23:19:09,01:43:14,"frontier[00623,00633-00635]","current-state.md: `road-eu-z` (95.6M vertices, 228.7M edges)",7e06985 2026-09-24 RIKEN on OSM roads: --riken-tolerance accepts inexact runs and records the error; 4-node Gluon rerun pinned to r8 oec,
5541715,frontier-campaign,run.py,16,16,road-na-z,riken,riken;riken-r56-d131072;riken-r8-d131072,"frontier[03173,04449,04572,04703,04961,05092,05207,05337,05581,05738,05867,05994,06112,06237,06906,07039]",acic-gluon,csc710,batch,COMPLETED,2026-09-24T18:12:45,2026-09-24T18:42:34,00:29:49,"frontier[03173,04449,04572,04703,04961,05092,05207,05337,05581,05738,05867,05994,06112,06237,06906,07039]","current-state.md: `road-na-z` (62.1M vertices, 155.0M edges)",7e06985 2026-09-24 RIKEN on OSM roads: --riken-tolerance accepts inexact runs and records the error; 4-node Gluon rerun pinned to r8 oec,
5541716,frontier-campaign,run.py,12,12,road-eu-z,riken,riken;riken-r56-d131072;riken-r8-d131072,"frontier[00119-00120,00483,08314,08319,08654,08657-08658,08820,08907,08911,09053,09087-09088,09216,09469]",acic-gluon,csc710,batch,COMPLETED,2026-09-24T21:38:52,2026-09-24T22:45:29,01:06:37,"frontier[00119-00120,00483,08314,08319,08654,08657-08658,08820,08907,08911,09053,09087-09088,09216,09469]","current-state.md: `road-eu-z` (95.6M vertices, 228.7M edges)",7e06985 2026-09-24 RIKEN on OSM roads: --riken-tolerance accepts inexact runs and records the error; 4-node Gluon rerun pinned to r8 oec,
5541717,frontier-campaign,run.py,24,24,road-eu-z;road-na-z,riken,riken;riken-r56-d131072;riken-r8-d131072,"frontier[00464-00465,00728,00846,00848,00976,00986,01096,01102,01205,01207,01325,01330,01508,02775,02892-02893,03010,03020,03270,03491-03492,03617-03618,03743-03744,04001-04002,04255-04256,04475,04768,04855,04895,05152-05153,05277,05279,05416,05630,05682,05801,05928,06050,06180,06304,06693,07193,07317,07514,07619,07750,07877,08004,08129,08262,08521,08669,08802,08908,09039,09165,09289,09425]",acic-gluon,csc710,batch,COMPLETED,2026-09-24T21:51:23,2026-09-24T22:25:56,00:34:33,"frontier[00464-00465,00728,00846,00848,00976,00986,01096,01102,01205,01207,01325,01330,01508,02775,02892-02893,03010,03020,03270,03491-03492,03617-03618,03743-03744,04001-04002,04255-04256,04475,04768,04855,04895,05152-05153,05277,05279,05416,05630,05682,05801,05928,06050,06180,06304,06693,07193,07317,07514,07619,07750,07877,08004,08129,08262,08521,08669,08802,08908,09039,09165,09289,09425]","current-state.md: `road-na-z` (62.1M vertices, 155.0M edges)",7e06985 2026-09-24 RIKEN on OSM roads: --riken-tolerance accepts inexact runs and records the error; 4-node Gluon rerun pinned to r8 oec,
5546130,frontier-campaign,onenode_ab,24,24,terrain-ae-z,acic,tls64;w64,"frontier[05823,05950,06075,06201,06331,06460,06594,06712]",acic-gluon,csc710,batch,COMPLETED,2026-09-25T20:46:08,2026-09-25T21:24:43,00:38:35,"frontier[05823,05950,06075,06201,06331,06460,06594,06712]","current-state.md: `terrain-ae-z` (8,196.3M vertices, 65,560.1M edges)",3f1e30b 2026-09-25 large-scale-plan: road-planet-z and terrain-ae-z inputs and jobs,
5546131,frontier-campaign,onenode_ab,24,24,terrain-ae-z,acic,tls64;w64,"frontier[06974,07097,07224,07351,07462,07590,07717,07845,07974,08101,08230,08358,08750,08870,08997,09131]",acic-gluon,csc710,batch,COMPLETED,2026-09-25T20:46:08,2026-09-25T21:14:52,00:28:44,"frontier[06974,07097,07224,07351,07462,07590,07717,07845,07974,08101,08230,08358,08750,08870,08997,09131]","current-state.md: `terrain-ae-z` (8,196.3M vertices, 65,560.1M edges)",3f1e30b 2026-09-25 large-scale-plan: road-planet-z and terrain-ae-z inputs and jobs,
5546135,frontier-campaign,onenode_ab;run.py,50,50,road-planet-z,acic;gluon,frozen;gluon-async;gluon-async-r8-oec-d0;gluon-async-r8-oec-d131072;gluon-async-r8-oec-d2097152;tls,"frontier[06515,07420,07503,07884]",acic-gluon,csc710,batch,TIMEOUT,2026-09-26T00:13:39,2026-09-26T02:13:54,02:00:15,"frontier[06515,07420,07503,07884]","current-state.md: `road-planet-z` (199.5M vertices, 496.0M edges)",3f1e30b 2026-09-25 large-scale-plan: road-planet-z and terrain-ae-z inputs and jobs,
5546136,frontier-campaign,onenode_ab;run.py,54,54,road-planet-z,acic;gluon,frozen;gluon-async;gluon-async-r1-cvc-d2097152;gluon-async-r1-oec-d2097152;gluon-async-r8-cvc-d2097152;gluon-async-r8-oec-d0;gluon-async-r8-oec-d131072;gluon-async-r8-oec-d2097152;tls,"frontier[02688,06391,07249-07250,07373,07378,07506-07507,07886,08487,08491,08618-08619,08748,08751,09382]",acic-gluon,csc710,batch,COMPLETED,2026-09-26T00:17:38,2026-09-26T01:14:24,00:56:46,"frontier[02688,06391,07249-07250,07373,07378,07506-07507,07886,08487,08491,08618-08619,08748,08751,09382]","current-state.md: `road-planet-z` (199.5M vertices, 496.0M edges)",3f1e30b 2026-09-25 large-scale-plan: road-planet-z and terrain-ae-z inputs and jobs,
5546137,frontier-campaign,onenode_ab;run.py,54,54,road-planet-z,acic;gluon,frozen;gluon-async;gluon-async-r1-cvc-d2097152;gluon-async-r1-oec-d2097152;gluon-async-r8-cvc-d2097152;gluon-async-r8-oec-d0;gluon-async-r8-oec-d131072;gluon-async-r8-oec-d2097152;tls,"frontier[00106,00234,00361,00493,00619,00746,00873,00998,01128,01259,01387,01515,01642,01745,01895,02026,02153,02282,02416,02537,02675,02801,02928,03043,03183,03313,03440,03565,03689,03819,03952,04079,04207,04333,04458,04586,04701,04842,04970,05100,05227,05354,05484,05609,05739,05866,05996,06123,06251,06379,06503,06631,06776,06895,07016,07146,07251,07366,07502,07659,07727,07887,08022,08149]",acic-gluon,csc710,batch,COMPLETED,2026-09-26T00:19:16,2026-09-26T00:42:24,00:23:08,"frontier[00106,00234,00361,00493,00619,00746,00873,00998,01128,01259,01387,01515,01642,01745,01895,02026,02153,02282,02416,02537,02675,02801,02928,03043,03183,03313,03440,03565,03689,03819,03952,04079,04207,04333,04458,04586,04701,04842,04970,05100,05227,05354,05484,05609,05739,05866,05996,06123,06251,06379,06503,06631,06776,06895,07016,07146,07251,07366,07502,07659,07727,07887,08022,08149]","current-state.md: `road-planet-z` (199.5M vertices, 496.0M edges)",3f1e30b 2026-09-25 large-scale-plan: road-planet-z and terrain-ae-z inputs and jobs,
5548095,frontier-campaign,onenode_ab,96,96,mesh28-z,acic,c256_s64;c256_s64_cost;c256_s8;heap;heap_control;heap_cost,frontier08094,acic-chunks-1n,csc710,batch,COMPLETED,2026-09-25T20:46:06,2026-09-25T20:56:13,00:10:07,frontier08094,current-state.md: Implementations,"c3c4199 2026-09-26 Record Frontier real-input results (road-planet-z 4/16/64n, terrain-ae-z 8/16n) and the one-node mesh28-z chunk-queue replication (5548095); gaps and fixes listed",
5558200,frontier-campaign,onenode_ab,96,96,grid3-30-z;mesh28-w10-z;mesh28-w64k-z;mesh28-z;mesh32-z;terrain30-s-z,acic,frozen,"frontier[03056,03956,04084,04339]",acic-series-4n,csc710,batch,COMPLETED,2026-09-28T15:02:43,2026-09-28T15:23:49,00:21:06,"frontier[03056,03956,04084,04339]",current-state.md: Implementations,"bec4bfe 2026-09-28 large-scale-plan: preparation results, fixes, and the submitted 4/16/32/64-node scaling series",
5558201,frontier-campaign,onenode_ab,128,128,grid3-30-z;grid3-33-z;mesh28-w10-z;mesh28-w64k-z;mesh28-z;mesh32-z;terrain30-m-z;terrain30-s-z,acic,frozen,"frontier[03069,03327,03710,03965,04735,05238,05369,05623,05868,05995,08304,08440,08566,08696,08953,09081]",acic-series-16n,csc710,batch,COMPLETED,2026-09-28T15:11:48,2026-09-28T15:34:02,00:22:14,"frontier[03069,03327,03710,03965,04735,05238,05369,05623,05868,05995,08304,08440,08566,08696,08953,09081]","current-state.md: `mesh28-z` (268.4M vertices, 1,073.7M edges)",8a6b02c 2026-09-25 Add bounded private chunk queues and validate mesh training gains,
5558202,frontier-campaign,onenode_ab,140,140,grid3-30-z;grid3-33-z;mesh28-w10-z;mesh28-w64k-z;mesh28-z;mesh32-z;terrain30-m-z;terrain30-s-z,acic,frozen,"frontier[00036,00157,00282,00412,00538,00666,00800,00924,01052,01180,01306,01435,01563,01688,01818,01949,02073,02203,02334,02462,02592,02716,02842,02973,03106,03233,03360,03490,03616,03744,03876,04000]",acic-series-32n,csc710,batch,COMPLETED,2026-09-28T15:13:49,2026-09-28T15:36:57,00:23:08,"frontier[00036,00157,00282,00412,00538,00666,00800,00924,01052,01180,01306,01435,01563,01688,01818,01949,02073,02203,02334,02462,02592,02716,02842,02973,03106,03233,03360,03490,03616,03744,03876,04000]","current-state.md: `mesh28-z` (268.4M vertices, 1,073.7M edges)","bec4bfe 2026-09-28 large-scale-plan: preparation results, fixes, and the submitted 4/16/32/64-node scaling series",
5558203,frontier-campaign,onenode_ab,140,140,grid3-30-z;grid3-33-z;mesh28-w10-z;mesh28-w64k-z;mesh28-z;mesh32-z;terrain30-m-z;terrain30-s-z,acic,frozen,"frontier[00037,00158,00283,00413,00539,00667,00801,00926,01053,01181,01307,01436,01564,01689,01821,01950,02075,02206,02335,02464,02593,02717,02843,02975,03107,03234,03361,03491,03617,03745,03877,04001,04126,04254,04382,04511,04639,04766,04894,05024,05278,05406,05533,05662,05789,05917,06043,06170,06298,06421,06549,06683,06808,06937,07061,07189,07322,07448,07573,07705,07831,07956,08085,08214]",acic-series-64n,csc710,batch,COMPLETED,2026-09-28T15:13:49,2026-09-28T15:37:22,00:23:33,"frontier[00037,00158,00283,00413,00539,00667,00801,00926,01053,01181,01307,01436,01564,01689,01821,01950,02075,02206,02335,02464,02593,02717,02843,02975,03107,03234,03361,03491,03617,03745,03877,04001,04126,04254,04382,04511,04639,04766,04894,05024,05278,05406,05533,05662,05789,05917,06043,06170,06298,06421,06549,06683,06808,06937,07061,07189,07322,07448,07573,07705,07831,07956,08085,08214]","current-state.md: `mesh28-z` (268.4M vertices, 1,073.7M edges)","bec4bfe 2026-09-28 large-scale-plan: preparation results, fixes, and the submitted 4/16/32/64-node scaling series",
5558204,frontier-campaign,onenode_ab,16,16,terrain30-l-z,acic,frozen,"frontier[00115,00236,00373,00492,00631,00762,00880,01015,01057,01184,01311,01439,01567,01692,01824,01953,02079,02210,02338,02467,02596,02720,02846,02979,03110,03237,03364,03494,03620,03748,03881,04004]",acic-series-32n-l,csc710,batch,COMPLETED,2026-09-28T15:13:49,2026-09-28T15:38:51,00:25:02,"frontier[00115,00236,00373,00492,00631,00762,00880,01015,01057,01184,01311,01439,01567,01692,01824,01953,02079,02210,02338,02467,02596,02720,02846,02979,03110,03237,03364,03494,03620,03748,03881,04004]","current-state.md: `terrain30-l-z` (34,347.8M vertices, 274,770.9M edges)","bec4bfe 2026-09-28 large-scale-plan: preparation results, fixes, and the submitted 4/16/32/64-node scaling series",
5558205,frontier-campaign,onenode_ab,16,16,terrain30-l-z,acic,frozen,"frontier[01140,01266,01396,01528,01640,01904,02032,02159,02290,02415,02686,02809,02936,03051,03070,03185,03319,03328,03451,03577,03701,03827,03957,04005,04129,04257,04385,04514,04642,04769,04897,05027,05284,05409,05667,05923,06047,06173,06302,06428,06556,06686,06815,06940,07064,07193,07327,07451,07576,07709,07836,07959,08088,08217,08344,08473,08601,08729,08858,08986,09118,09247,09371,10139]",acic-series-64n-l,csc710,batch,COMPLETED,2026-09-28T15:13:49,2026-09-28T15:31:29,00:17:40,"frontier[01140,01266,01396,01528,01640,01904,02032,02159,02290,02415,02686,02809,02936,03051,03070,03185,03319,03328,03451,03577,03701,03827,03957,04005,04129,04257,04385,04514,04642,04769,04897,05027,05284,05409,05667,05923,06047,06173,06302,06428,06556,06686,06815,06940,07064,07193,07327,07451,07576,07709,07836,07959,08088,08217,08344,08473,08601,08729,08858,08986,09118,09247,09371,10139]",current-state.md: Implementations,"bec4bfe 2026-09-28 large-scale-plan: preparation results, fixes, and the submitted 4/16/32/64-node scaling series",
5558207,frontier-campaign,run.py,8,8,grid3-30-z;mesh28-w10-z;mesh28-w64k-z;mesh28-z,gluon,gluon-async,"frontier[08909,09055,09155,09341]",acic-sgluon-4n-a,csc710,batch,COMPLETED,2026-09-28T14:58:03,2026-09-28T15:18:36,00:20:33,"frontier[08909,09055,09155,09341]","current-state.md: `mesh28-z` (268.4M vertices, 1,073.7M edges)","bec4bfe 2026-09-28 large-scale-plan: preparation results, fixes, and the submitted 4/16/32/64-node scaling series",
5558208,frontier-campaign,run.py,2,1,mesh32-z;terrain30-s-z,gluon,gluon-async,frontier[07579-07582],acic-sgluon-4n-b,csc710,batch,COMPLETED,2026-09-28T15:13:49,2026-09-28T16:43:04,01:29:15,frontier[07579-07582],"current-state.md: `mesh32-z` (4,295.0M vertices, 17,179.6M edges)","b831d52 2026-09-28 Record the 4/16/32/64-node scaling series: GLO-30 terrain, mesh32-z, 3-D grids, weight-range variants",
5558209,frontier-campaign,run.py,11,10,grid3-30-z;mesh28-w10-z;mesh28-w64k-z;mesh28-z;mesh32-z;terrain30-s-z,gluon,gluon-async,"frontier[03711,04085,04130,04258,04386,04515,04643,04770,04898,05028,05351,05410,05668,05986,06048,06175]",acic-sgluon-16n-a,csc710,batch,COMPLETED,2026-09-28T15:13:49,2026-09-28T16:30:10,01:16:21,"frontier[03711,04085,04130,04258,04386,04515,04643,04770,04898,05028,05351,05410,05668,05986,06048,06175]","current-state.md: `mesh28-z` (268.4M vertices, 1,073.7M edges)","b831d52 2026-09-28 Record the 4/16/32/64-node scaling series: GLO-30 terrain, mesh32-z, 3-D grids, weight-range variants",
5558210,frontier-campaign,run.py,2,1,grid3-33-z;terrain30-m-z,gluon,gluon-async,"frontier[00120,00239,00370,00496,00883,01024,01150,01270,01400,01652,02170,02421,02813,02943,03057,03190]",acic-sgluon-16n-b,csc710,batch,COMPLETED,2026-09-28T14:59:04,2026-09-28T15:54:22,00:55:18,"frontier[00120,00239,00370,00496,00883,01024,01150,01270,01400,01652,02170,02421,02813,02943,03057,03190]","current-state.md: `grid3-33-z` (8,589.9M vertices, 51,514.4M edges)","b831d52 2026-09-28 Record the 4/16/32/64-node scaling series: GLO-30 terrain, mesh32-z, 3-D grids, weight-range variants",
5558211,frontier-campaign,run.py,12,10,grid3-30-z;mesh28-w10-z;mesh28-w64k-z;mesh28-z;mesh32-z;terrain30-s-z,gluon,gluon-async,"frontier[04131,04259,04387,04516,04721,04771,04899,05029,05370,05411,05742,06049,06176,06303,06429,06557,06687,06816,06941,07065,07194,07328,07452,07710,07837,07960,08089,08218,08345,08474,08602,08730]",acic-sgluon-32n-a,csc710,batch,COMPLETED,2026-09-28T15:13:49,2026-09-28T16:26:57,01:13:08,"frontier[04131,04259,04387,04516,04721,04771,04899,05029,05370,05411,05742,06049,06176,06303,06429,06557,06687,06816,06941,07065,07194,07328,07452,07710,07837,07960,08089,08218,08345,08474,08602,08730]","current-state.md: `mesh28-z` (268.4M vertices, 1,073.7M edges)","b831d52 2026-09-28 Record the 4/16/32/64-node scaling series: GLO-30 terrain, mesh32-z, 3-D grids, weight-range variants",
5558212,frontier-campaign,run.py,3,2,grid3-33-z;terrain30-m-z,gluon,gluon-async,"frontier[00240,00371,00497,00884,01151,01653,02422,02814,02944,03058,03191,03310,03437,03570,03688,03829,03949,04079,04205,04327,04465,04584,04711,04861,04987,05104,05225,05339,05467,05603,05724,05853]",acic-sgluon-32n-b,csc710,batch,COMPLETED,2026-09-28T14:59:04,2026-09-28T15:59:06,01:00:02,"frontier[00240,00371,00497,00884,01151,01653,02422,02814,02944,03058,03191,03310,03437,03570,03688,03829,03949,04079,04205,04327,04465,04584,04711,04861,04987,05104,05225,05339,05467,05603,05724,05853]","current-state.md: `grid3-33-z` (8,589.9M vertices, 51,514.4M edges)","b831d52 2026-09-28 Record the 4/16/32/64-node scaling series: GLO-30 terrain, mesh32-z, 3-D grids, weight-range variants",
5558213,frontier-campaign,run.py,12,11,grid3-30-z;mesh28-w10-z;mesh28-w64k-z;mesh28-z;mesh32-z;terrain30-s-z,gluon,gluon-async,"frontier[04213,04340,04436,04736,05111,05489,06050,06177,06304-06305,06430-06431,06558-06559,06688-06689,06817-06818,06942-06943,07066-07067,07195-07196,07329-07330,07453,07455,07711-07713,07838-07840,07961-07963,08090-08092,08219-08220,08286,08346-08347,08421,08475-08476,08604,08606,08731-08732,08859-08860,08989-08990,09119,09207,09248-09249,09372-09373,10140-10141]",acic-sgluon-64n-a,csc710,batch,COMPLETED,2026-09-28T15:13:49,2026-09-28T16:05:16,00:51:27,"frontier[04213,04340,04436,04736,05111,05489,06050,06177,06304-06305,06430-06431,06558-06559,06688-06689,06817-06818,06942-06943,07066-07067,07195-07196,07329-07330,07453,07455,07711-07713,07838-07840,07961-07963,08090-08092,08219-08220,08286,08346-08347,08421,08475-08476,08604,08606,08731-08732,08859-08860,08989-08990,09119,09207,09248-09249,09372-09373,10140-10141]","current-state.md: `mesh28-z` (268.4M vertices, 1,073.7M edges)","b831d52 2026-09-28 Record the 4/16/32/64-node scaling series: GLO-30 terrain, mesh32-z, 3-D grids, weight-range variants",
5558214,frontier-campaign,run.py,4,2,grid3-33-z;terrain30-m-z,gluon,gluon-async,"frontier[00894,00896,01655,01657,02816,03193-03194,03314-03315,03443-03444,03573-03574,03696-03697,03831,03954-03955,04081-04082,04208-04209,04329-04330,04470-04471,04713-04714,04863,04990-04991,05106-05107,05227-05228,05342-05343,05469,05478,05607-05608,05732,05736,05856-05857,05982-05983,08292-08293,08430-08431,08555-08556,08688,08690,08815-08816,08943-08944,09073-09074,09197,09326,09445]",acic-sgluon-64n-b,csc710,batch,COMPLETED,2026-09-28T14:59:04,2026-09-28T15:56:34,00:57:30,"frontier[00894,00896,01655,01657,02816,03193-03194,03314-03315,03443-03444,03573-03574,03696-03697,03831,03954-03955,04081-04082,04208-04209,04329-04330,04470-04471,04713-04714,04863,04990-04991,05106-05107,05227-05228,05342-05343,05469,05478,05607-05608,05732,05736,05856-05857,05982-05983,08292-08293,08430-08431,08555-08556,08688,08690,08815-08816,08943-08944,09073-09074,09197,09326,09445]","current-state.md: `grid3-33-z` (8,589.9M vertices, 51,514.4M edges)","1c3d689 2026-09-28 large-scale-plan: reader revision a1970e4 (acic_scale64b), revalidation 5558304, resubmitted terrain30-l-z reference 5558305 and Gluon 5558382",
5558223,frontier-campaign,run.py,168,168,grid3-30-z;mesh28-w10-z;mesh28-w64k-z;mesh28-z,gap,gap-t56-d1;gap-t56-d1024;gap-t56-d1048576;gap-t56-d16;gap-t56-d16384;gap-t56-d256;gap-t56-d262144;gap-t56-d4;gap-t56-d4096;gap-t56-d64;gap-t56-d65536,frontier08861,acic-series-gap-small,csc710,batch,COMPLETED,2026-09-28T15:13:49,2026-09-28T16:01:01,00:47:12,frontier08861,"current-state.md: `mesh28-z` (268.4M vertices, 1,073.7M edges)","bec4bfe 2026-09-28 large-scale-plan: preparation results, fixes, and the submitted 4/16/32/64-node scaling series",
5558224,frontier-campaign,run.py,168,166,grid3-30-z;mesh28-w10-z;mesh28-w64k-z;mesh28-z,wasp,wasp-t56-d1;wasp-t56-d1024;wasp-t56-d1048576;wasp-t56-d16;wasp-t56-d16384;wasp-t56-d256;wasp-t56-d262144;wasp-t56-d4;wasp-t56-d4096;wasp-t56-d64;wasp-t56-d65536,frontier08991,acic-series-wasp-small,csc710,batch,COMPLETED,2026-09-28T15:13:49,2026-09-28T16:47:53,01:34:04,frontier08991,"current-state.md: `mesh28-z` (268.4M vertices, 1,073.7M edges)","bec4bfe 2026-09-28 large-scale-plan: preparation results, fixes, and the submitted 4/16/32/64-node scaling series",
5558225,frontier-campaign,run.py,33,33,terrain30-s-z,gap,gap-t56-d2048;gap-t56-d32768;gap-t56-d512;gap-t56-d8192,frontier08551,acic-series-gap-sz,csc710,batch,COMPLETED,2026-09-28T15:13:49,2026-09-28T15:53:46,00:39:57,frontier08551,"current-state.md: `terrain30-s-z` (2,021.8M vertices, 16,173.5M edges)","bec4bfe 2026-09-28 large-scale-plan: preparation results, fixes, and the submitted 4/16/32/64-node scaling series",
5558226,frontier-campaign,run.py,33,33,terrain30-s-z,wasp,wasp-t56-d2048;wasp-t56-d32768;wasp-t56-d512;wasp-t56-d8192,frontier08679,acic-series-wasp-sz,csc710,batch,COMPLETED,2026-09-28T15:13:49,2026-09-28T16:02:23,00:48:34,frontier08679,"current-state.md: `terrain30-s-z` (2,021.8M vertices, 16,173.5M edges)","bec4bfe 2026-09-28 large-scale-plan: preparation results, fixes, and the submitted 4/16/32/64-node scaling series",
5558382,frontier-campaign,run.py,1,0,terrain30-l-z,gluon,gluon-async,"frontier[00030,00151,00276,00405,00532,00660,00793,00915,01045,01173,01301,01430,01558,01683,01812,01941,02068,02196,02326,02453,02585,02707,02836,02966,03097,03226,03354,03482,03610,03738,03870,03994,04120,04248,04376,04504,04633,04760,04888,05018,05272,05404,05527,05655,05778,05911,06034,06161,06289,06415,06543,06673,06799,06927,07055,07183,07314,07440,07568,07699,07825,07951,08080,08207]",acic-sgluon-64n-l,csc710,batch,COMPLETED,2026-09-28T15:14:48,2026-09-28T16:46:30,01:31:42,"frontier[00030,00151,00276,00405,00532,00660,00793,00915,01045,01173,01301,01430,01558,01683,01812,01941,02068,02196,02326,02453,02585,02707,02836,02966,03097,03226,03354,03482,03610,03738,03870,03994,04120,04248,04376,04504,04633,04760,04888,05018,05272,05404,05527,05655,05778,05911,06034,06161,06289,06415,06543,06673,06799,06927,07055,07183,07314,07440,07568,07699,07825,07951,08080,08207]","current-state.md: `terrain30-l-z` (34,347.8M vertices, 274,770.9M edges)","1c3d689 2026-09-28 large-scale-plan: reader revision a1970e4 (acic_scale64b), revalidation 5558304, resubmitted terrain30-l-z reference 5558305 and Gluon 5558382",
5560447,frontier-campaign,run.py,8,3,grid3-30-z;mesh28-w10-z;mesh28-w64k-z;mesh28-z,gemini,gemini,frontier[03527-03530],acic-sgemini-4n-small,csc710,batch,COMPLETED,2026-09-28T19:18:36,2026-09-28T20:56:55,01:38:19,frontier[03527-03530],"current-state.md: `mesh28-z` (268.4M vertices, 1,073.7M edges)","9aee678 2026-09-28 large-scale-plan: Gemini and HavoqGT builds, smoke results, phase A jobs",
5560448,frontier-campaign,run.py,2,2,terrain30-s-z,gemini,gemini,"frontier[04033-04034,04036,04039]",acic-sgemini-4n-sz,csc710,batch,COMPLETED,2026-09-28T19:18:36,2026-09-28T20:04:54,00:46:18,"frontier[04033-04034,04036,04039]","current-state.md: `terrain30-s-z` (2,021.8M vertices, 16,173.5M edges)","c32d3ad 2026-09-29 Record phase A (Gemini, HavoqGT), O1 ordering pair and O2 RMAT baselines; start the Frontier F batch",
5560449,frontier-campaign,run.py,8,2,grid3-30-z;mesh28-w10-z;mesh28-w64k-z;mesh28-z,gemini,gemini,"frontier[04164-04170,04172,04174-04175,04185-04190]",acic-sgemini-16n-small,csc710,batch,COMPLETED,2026-09-28T19:18:36,2026-09-28T20:49:19,01:30:43,"frontier[04164-04170,04172,04174-04175,04185-04190]","current-state.md: `mesh28-z` (268.4M vertices, 1,073.7M edges)","c32d3ad 2026-09-29 Record phase A (Gemini, HavoqGT), O1 ordering pair and O2 RMAT baselines; start the Frontier F batch",
5560450,frontier-campaign,run.py,2,2,terrain30-s-z,gemini,gemini,frontier[04694-04709],acic-sgemini-16n-sz,csc710,batch,COMPLETED,2026-09-28T19:18:37,2026-09-28T20:01:15,00:42:38,frontier[04694-04709],"current-state.md: `terrain30-s-z` (2,021.8M vertices, 16,173.5M edges)","c32d3ad 2026-09-29 Record phase A (Gemini, HavoqGT), O1 ordering pair and O2 RMAT baselines; start the Frontier F batch",
5560451,frontier-campaign,run.py,8,2,grid3-30-z;mesh28-w10-z;mesh28-w64k-z;mesh28-z,gemini,gemini,"frontier[00094,00346,00481,00623,01128,01380,01522,01626,01785,01882,02012,02138,02266,02393,02543,02659,02907,03037,03167,03313,03444,03550,03695,03803,03934,04060,04201,04329,04443,04575,04710,04822]",acic-sgemini-32n-small,csc710,batch,COMPLETED,2026-09-28T19:18:37,2026-09-28T20:49:16,01:30:39,"frontier[00094,00346,00481,00623,01128,01380,01522,01626,01785,01882,02012,02138,02266,02393,02543,02659,02907,03037,03167,03313,03444,03550,03695,03803,03934,04060,04201,04329,04443,04575,04710,04822]","current-state.md: `mesh28-z` (268.4M vertices, 1,073.7M edges)","c32d3ad 2026-09-29 Record phase A (Gemini, HavoqGT), O1 ordering pair and O2 RMAT baselines; start the Frontier F batch",
5560452,frontier-campaign,run.py,2,2,terrain30-s-z,gemini,gemini,"frontier[00095,00350,00482,00625,01129,01382,01523,01627,01883,02014,02140,02267,02394,02545,02660,02908,03038,03171,03314,03445,03553,03696,03805,03937,04061,04202,04330,04444,04576,04711,04823,04932]",acic-sgemini-32n-sz,csc710,batch,COMPLETED,2026-09-28T19:18:37,2026-09-28T20:14:59,00:56:22,"frontier[00095,00350,00482,00625,01129,01382,01523,01627,01883,02014,02140,02267,02394,02545,02660,02908,03038,03171,03314,03445,03553,03696,03805,03937,04061,04202,04330,04444,04576,04711,04823,04932]","current-state.md: `terrain30-s-z` (2,021.8M vertices, 16,173.5M edges)","c32d3ad 2026-09-29 Record phase A (Gemini, HavoqGT), O1 ordering pair and O2 RMAT baselines; start the Frontier F batch",
5560453,frontier-campaign,run.py,8,2,grid3-30-z;mesh28-w10-z;mesh28-w64k-z;mesh28-z,gemini,gemini,"frontier[00098,00354,00484,00628,01131,01383,01524,01628,01884,02015,02141,02268,02395,02547,02661,02910,03042,03173,03315,03446,03557,03697,03806,03938,04064,04205,04331,04445,04577,04713,04824,04933,05079,05211,05323,05450,05581,05708,05849,05971,06110,06259,06473,06602,06729,06855,06985,07108,07246,07386,07493,07621,07751,07880,08004,08147,08286,08418,08519,08634,08783,08910,09062,09193]",acic-sgemini-64n-small,csc710,batch,COMPLETED,2026-09-28T19:18:37,2026-09-28T20:59:44,01:41:07,"frontier[00098,00354,00484,00628,01131,01383,01524,01628,01884,02015,02141,02268,02395,02547,02661,02910,03042,03173,03315,03446,03557,03697,03806,03938,04064,04205,04331,04445,04577,04713,04824,04933,05079,05211,05323,05450,05581,05708,05849,05971,06110,06259,06473,06602,06729,06855,06985,07108,07246,07386,07493,07621,07751,07880,08004,08147,08286,08418,08519,08634,08783,08910,09062,09193]","current-state.md: `mesh28-z` (268.4M vertices, 1,073.7M edges)","c32d3ad 2026-09-29 Record phase A (Gemini, HavoqGT), O1 ordering pair and O2 RMAT baselines; start the Frontier F batch",
5560454,frontier-campaign,run.py,2,0,terrain30-s-z,gemini,gemini,"frontier[00099,00355,00487,00629,01134,01385,01526,01629,01885,02016,02142,02269,02396,02549,02663,02913,03044,03176,03317,03447,03558,03698,03807,03939,04065,04206,04332,04446,04578,04714,04825,04934,05080,05212,05324,05451,05582,05709,05850,05972,06111,06260,06474,06603,06740,06856,06986,07109,07248,07388,07494,07622,07756,07890,08009,08148,08289,08421,08520,08639,08784,08911,09063,09195]",acic-sgemini-64n-sz,csc710,batch,COMPLETED,2026-09-28T19:18:37,2026-09-28T20:21:48,01:03:11,"frontier[00099,00355,00487,00629,01134,01385,01526,01629,01885,02016,02142,02269,02396,02549,02663,02913,03044,03176,03317,03447,03558,03698,03807,03939,04065,04206,04332,04446,04578,04714,04825,04934,05080,05212,05324,05451,05582,05709,05850,05972,06111,06260,06474,06603,06740,06856,06986,07109,07248,07388,07494,07622,07756,07890,08009,08148,08289,08421,08520,08639,08784,08911,09063,09195]","current-state.md: `terrain30-s-z` (2,021.8M vertices, 16,173.5M edges)","9aee678 2026-09-28 large-scale-plan: Gemini and HavoqGT builds, smoke results, phase A jobs",
5560455,frontier-campaign,run.py,8,4,grid3-30-z;mesh28-w10-z;mesh28-w64k-z;mesh28-z,havoqgt,havoqgt,frontier[01181-01184],acic-shavoqgt-4n-small,csc710,batch,COMPLETED,2026-09-28T17:35:14,2026-09-28T19:05:24,01:30:10,frontier[01181-01184],"current-state.md: `mesh28-z` (268.4M vertices, 1,073.7M edges)","9aee678 2026-09-28 large-scale-plan: Gemini and HavoqGT builds, smoke results, phase A jobs",
5560456,frontier-campaign,run.py,2,2,terrain30-s-z,havoqgt,havoqgt,"frontier[01312,01315-01316,01318]",acic-shavoqgt-4n-sz,csc710,batch,COMPLETED,2026-09-28T17:35:14,2026-09-28T17:49:32,00:14:18,"frontier[01312,01315-01316,01318]","current-state.md: `terrain30-s-z` (2,021.8M vertices, 16,173.5M edges)","c32d3ad 2026-09-29 Record phase A (Gemini, HavoqGT), O1 ordering pair and O2 RMAT baselines; start the Frontier F batch",
5560457,frontier-campaign,run.py,8,8,grid3-30-z;mesh28-w10-z;mesh28-w64k-z;mesh28-z,havoqgt,havoqgt,"frontier[01438,01440-01442,01444-01445,01447,01451-01453,01457,01459,01461,01465-01467]",acic-shavoqgt-16n-small,csc710,batch,COMPLETED,2026-09-28T17:35:14,2026-09-28T18:13:27,00:38:13,"frontier[01438,01440-01442,01444-01445,01447,01451-01453,01457,01459,01461,01465-01467]","current-state.md: `mesh28-z` (268.4M vertices, 1,073.7M edges)","c32d3ad 2026-09-29 Record phase A (Gemini, HavoqGT), O1 ordering pair and O2 RMAT baselines; start the Frontier F batch",
5560458,frontier-campaign,run.py,2,2,terrain30-s-z,havoqgt,havoqgt,"frontier[04290-04297,04300,04310-04314,04316-04317]",acic-shavoqgt-16n-sz,csc710,batch,COMPLETED,2026-09-28T19:18:36,2026-09-28T19:23:15,00:04:39,"frontier[04290-04297,04300,04310-04314,04316-04317]","current-state.md: `terrain30-s-z` (2,021.8M vertices, 16,173.5M edges)","c32d3ad 2026-09-29 Record phase A (Gemini, HavoqGT), O1 ordering pair and O2 RMAT baselines; start the Frontier F batch",
5560459,frontier-campaign,run.py,8,8,grid3-30-z;mesh28-w10-z;mesh28-w64k-z;mesh28-z,havoqgt,havoqgt,"frontier[00101,00356,00488,00630,01136,01394,01527,01630,01886,02017,02143,02270,02397,02550,02665,02914,03046,03178,03318,03448,03559,03699,03808,03940,04067,04207,04333,04448,04579,04715,04826,04935]",acic-shavoqgt-32n-small,csc710,batch,COMPLETED,2026-09-28T19:18:37,2026-09-28T19:39:19,00:20:42,"frontier[00101,00356,00488,00630,01136,01394,01527,01630,01886,02017,02143,02270,02397,02550,02665,02914,03046,03178,03318,03448,03559,03699,03808,03940,04067,04207,04333,04448,04579,04715,04826,04935]","current-state.md: `mesh28-z` (268.4M vertices, 1,073.7M edges)","c32d3ad 2026-09-29 Record phase A (Gemini, HavoqGT), O1 ordering pair and O2 RMAT baselines; start the Frontier F batch",
5560460,frontier-campaign,run.py,2,2,terrain30-s-z,havoqgt,havoqgt,"frontier[00104,00358,00489,00636,01145,01395,01531,01631,01887,02018,02144,02271,02398,02551,02666,02915,03049,03179,03319,03449,03560,03700,03809,03941,04068,04208,04334,04449,04580,04716,04827,04936]",acic-shavoqgt-32n-sz,csc710,batch,COMPLETED,2026-09-28T19:18:38,2026-09-28T19:21:49,00:03:11,"frontier[00104,00358,00489,00636,01145,01395,01531,01631,01887,02018,02144,02271,02398,02551,02666,02915,03049,03179,03319,03449,03560,03700,03809,03941,04068,04208,04334,04449,04580,04716,04827,04936]","current-state.md: `terrain30-s-z` (2,021.8M vertices, 16,173.5M edges)","c32d3ad 2026-09-29 Record phase A (Gemini, HavoqGT), O1 ordering pair and O2 RMAT baselines; start the Frontier F batch",
5560461,frontier-campaign,run.py,8,8,grid3-30-z;mesh28-w10-z;mesh28-w64k-z;mesh28-z,havoqgt,havoqgt,"frontier[00106,00359,00490,00638,01146,01397,01532,01632,01888,02019,02146,02274,02400,02553,02668,02918,03050,03180,03320,03450,03561,03701,03810,03942,04072,04209,04335,04450,04581,04717,04828,04953,05081,05213,05325,05452,05583,05710,05851,05973,06131,06261,06475,06604,06741,06866,06992,07110,07253,07390,07495,07624,07769,07891,08019,08149,08290,08424,08521,08647,08785,08912,09064,09196]",acic-shavoqgt-64n-small,csc710,batch,COMPLETED,2026-09-28T19:18:38,2026-09-28T19:30:49,00:12:11,"frontier[00106,00359,00490,00638,01146,01397,01532,01632,01888,02019,02146,02274,02400,02553,02668,02918,03050,03180,03320,03450,03561,03701,03810,03942,04072,04209,04335,04450,04581,04717,04828,04953,05081,05213,05325,05452,05583,05710,05851,05973,06131,06261,06475,06604,06741,06866,06992,07110,07253,07390,07495,07624,07769,07891,08019,08149,08290,08424,08521,08647,08785,08912,09064,09196]","current-state.md: `mesh28-z` (268.4M vertices, 1,073.7M edges)","c32d3ad 2026-09-29 Record phase A (Gemini, HavoqGT), O1 ordering pair and O2 RMAT baselines; start the Frontier F batch",
5560462,frontier-campaign,run.py,2,2,terrain30-s-z,havoqgt,havoqgt,"frontier[00107,00361,00495,00639,01147,01400,01633,01889,02022,02147,02275,02401,02554,02669,02919,03051,03181,03324,03451,03562,03706,03811,03945,04073,04210,04336,04451,04582,04718,04829,04954,05082,05214,05326,05453,05584,05711,05852,05974,06132,06262,06484,06605,06761,06867,06993,07119,07263,07391,07496,07625,07770,07892,08021,08150,08291,08425,08522,08651,08786,08913,09065,09197,09300]",acic-shavoqgt-64n-sz,csc710,batch,COMPLETED,2026-09-28T19:18:38,2026-09-28T19:21:00,00:02:22,"frontier[00107,00361,00495,00639,01147,01400,01633,01889,02022,02147,02275,02401,02554,02669,02919,03051,03181,03324,03451,03562,03706,03811,03945,04073,04210,04336,04451,04582,04718,04829,04954,05082,05214,05326,05453,05584,05711,05852,05974,06132,06262,06484,06605,06761,06867,06993,07119,07263,07391,07496,07625,07770,07892,08021,08150,08291,08425,08522,08651,08786,08913,09065,09197,09300]","current-state.md: `terrain30-s-z` (2,021.8M vertices, 16,173.5M edges)","9aee678 2026-09-28 large-scale-plan: Gemini and HavoqGT builds, smoke results, phase A jobs",
5561482,frontier-campaign,run.py,8,8,rmat25;rmat26,gemini,gemini,"frontier[00252,00365,00488,00586,00588,01108,01139,05246,05248,06008,08566,08695,09076,09211,09313,09466]",acic-sgemini-16n-rmat,csc710,batch,COMPLETED,2026-09-28T18:03:41,2026-09-28T18:06:27,00:02:46,"frontier[00252,00365,00488,00586,00588,01108,01139,05246,05248,06008,08566,08695,09076,09211,09313,09466]","current-state.md: `rmat25` (33.6M vertices, 1,047.2M edges)","929a830 2026-09-28 IPDPS 2027 submission plan: tracks, expected reviewers, experiments split Delta/Frontier; ordering pair and RMAT HavoqGT/Gemini jobs",
5561483,frontier-campaign,run.py,8,8,rmat25;rmat26,havoqgt,havoqgt,"frontier[02621,02815,02883,03063,03195,04175,04300,04426,04576,04699,04853,04986,05093,05245,05351,05471]",acic-shavoqgt-16n-rmat,csc710,batch,COMPLETED,2026-09-28T19:15:52,2026-09-28T19:16:50,00:00:58,"frontier[02621,02815,02883,03063,03195,04175,04300,04426,04576,04699,04853,04986,05093,05245,05351,05471]","current-state.md: `rmat25` (33.6M vertices, 1,047.2M edges)","929a830 2026-09-28 IPDPS 2027 submission plan: tracks, expected reviewers, experiments split Delta/Frontier; ordering pair and RMAT HavoqGT/Gemini jobs",
5561484,frontier-campaign,run.py,5,0,rmat25;rmat26,havoqgt,havoqgt,"frontier[04955-04969,04971]",acic-shavoqgt-16n-rmat-d896,csc710,batch,TIMEOUT,2026-09-28T19:18:38,2026-09-28T20:18:59,01:00:21,"frontier[04955-04969,04971]","current-state.md: 33. Frontier: Gemini and HavoqGT (phase A, O2) and the ordering pair (O1), 2026-09-29","929a830 2026-09-28 IPDPS 2027 submission plan: tracks, expected reviewers, experiments split Delta/Frontier; ordering pair and RMAT HavoqGT/Gemini jobs",
5561485,frontier-campaign,onenode_ab,64,64,mesh26;mesh26-z;road-usa;road-usa-z,acic,frozen,"frontier[05218-05231,05235-05236]",acic-order-16n,csc710,batch,COMPLETED,2026-09-28T19:18:38,2026-09-28T19:30:01,00:11:23,"frontier[05218-05231,05235-05236]","current-state.md: `mesh26` (67.1M vertices, 268.4M edges)","929a830 2026-09-28 IPDPS 2027 submission plan: tracks, expected reviewers, experiments split Delta/Frontier; ordering pair and RMAT HavoqGT/Gemini jobs",
5561486,frontier-campaign,run.py,16,16,mesh26;mesh26-z;road-usa;road-usa-z,gluon,gluon-async,"frontier[05713-05724,05729-05730,05732,05736]",acic-order-gluon-16n,csc710,batch,COMPLETED,2026-09-28T19:18:38,2026-09-28T19:31:41,00:13:03,"frontier[05713-05724,05729-05730,05732,05736]","current-state.md: `mesh26` (67.1M vertices, 268.4M edges)","929a830 2026-09-28 IPDPS 2027 submission plan: tracks, expected reviewers, experiments split Delta/Frontier; ordering pair and RMAT HavoqGT/Gemini jobs",
5565464,frontier-campaign,onenode_ab,128,128,grid3-33-z;mesh28-z;mesh32-z;road-planet-z;terrain30-m-z,acic,c256_s64;frozen,"frontier[00508,00636,00756,00768,01406,01917,01919,02047-02048,02172,02303,09083,09086-09087,09342,09344]",acic-f4-16n,csc710,batch,COMPLETED,2026-09-29T10:22:09,2026-09-29T11:10:34,00:48:25,"frontier[00508,00636,00756,00768,01406,01917,01919,02047-02048,02172,02303,09083,09086-09087,09342,09344]","current-state.md: 34. Frontier F batch, first results (2026-09-29)","c32d3ad 2026-09-29 Record phase A (Gemini, HavoqGT), O1 ordering pair and O2 RMAT baselines; start the Frontier F batch",
5565465,frontier-campaign,onenode_ab,192,192,grid3-33-z;mesh28-w10-z;mesh28-z;mesh32-z;road-planet-z;terrain30-m-z,acic,c256_s64;frozen;w0p125x;w16x,"frontier[00040,00167,00293,00449,00578,00708,00840,00962,01088,01221,01342,01471,01598,01731,01855,01980,02113,02241,02393,02525,02656,02759,02900,03011,03152,03264,03393,03512,03641,03769,03900,04026,04151,04279,04407,04537,04662,04785,04907,05048,05165,05292,05417,05547,05675,05802,05930,06059,06188,06316,06445,06571,06701,06823,06956,07091,07211,07352,07468,07593,07730,07851,07984,08117]",acic-f4f5-64n,csc710,batch,COMPLETED,2026-09-29T14:53:54,2026-09-29T15:29:36,00:35:42,"frontier[00040,00167,00293,00449,00578,00708,00840,00962,01088,01221,01342,01471,01598,01731,01855,01980,02113,02241,02393,02525,02656,02759,02900,03011,03152,03264,03393,03512,03641,03769,03900,04026,04151,04279,04407,04537,04662,04785,04907,05048,05165,05292,05417,05547,05675,05802,05930,06059,06188,06316,06445,06571,06701,06823,06956,07091,07211,07352,07468,07593,07730,07851,07984,08117]","current-state.md: 34. Frontier F batch, first results (2026-09-29)","c32d3ad 2026-09-29 Record phase A (Gemini, HavoqGT), O1 ordering pair and O2 RMAT baselines; start the Frontier F batch",
5565466,frontier-campaign,onenode_ab,48,48,mesh28-w10-z,acic,frozen;w0p125x;w16x,"frontier[01121,02372,02378,02514,02519,02636,02761,02782,02903,03072,03145,03692-03693,03827,03831,03944,03947,04069,04071,04447,04450,04581,04707,04970,05209,07123,07389,08015,08141,08279,09142,09289]",acic-f5-32n,csc710,batch,COMPLETED,2026-09-29T09:58:16,2026-09-29T10:00:14,00:01:58,"frontier[01121,02372,02378,02514,02519,02636,02761,02782,02903,03072,03145,03692-03693,03827,03831,03944,03947,04069,04071,04447,04450,04581,04707,04970,05209,07123,07389,08015,08141,08279,09142,09289]","current-state.md: 34. Frontier F batch, first results (2026-09-29)","c32d3ad 2026-09-29 Record phase A (Gemini, HavoqGT), O1 ordering pair and O2 RMAT baselines; start the Frontier F batch",
5565467,frontier-campaign,onenode_ab,162,162,mesh32-z;terrain30-s-z,acic,candidate_weight;chunks;frozen;local_queue;no_batch;no_share;no_slice;plain_async;plain_async_weight,"frontier[00041,00168,00294,00450,00579,00709,00841,00963,01089,01222,01345,01472,01599,01732,01856,01981]",acic-f10-16n,csc710,batch,COMPLETED,2026-09-29T14:53:54,2026-09-29T15:44:12,00:50:18,"frontier[00041,00168,00294,00450,00579,00709,00841,00963,01089,01222,01345,01472,01599,01732,01856,01981]","current-state.md: 35. Frontier F batch: 64 nodes, the ablation at scale and RIKEN (F4, F5, F6, F10), 2026-09-29","c32d3ad 2026-09-29 Record phase A (Gemini, HavoqGT), O1 ordering pair and O2 RMAT baselines; start the Frontier F batch",
5565468,frontier-campaign,onenode_ab,105,105,mesh32-z;terrain30-m-z,acic,candidate_weight;chunks;frozen;local_queue;no_batch;no_share;no_slice;plain_async;plain_async_weight,"frontier[00042,00169,00295,00457,00580,00710,00842,00964,01090,01223,01348,01473,01600,01733,01857,01982,02114,02242,02394,02528,02657,02760,02911,03016,03153,03274,03394,03513,03642,03770,03901,04031,04152,04280,04408,04538,04663,04786,04908,05049,05166,05293,05418,05548,05676,05803,05931,06060,06189,06317,06449,06575,06702,06824,06958,07092,07212,07353,07470,07594,07732,07852,07987,08118]",acic-f10-64n,csc710,batch,COMPLETED,2026-09-29T14:53:54,2026-09-29T15:36:27,00:42:33,"frontier[00042,00169,00295,00457,00580,00710,00842,00964,01090,01223,01348,01473,01600,01733,01857,01982,02114,02242,02394,02528,02657,02760,02911,03016,03153,03274,03394,03513,03642,03770,03901,04031,04152,04280,04408,04538,04663,04786,04908,05049,05166,05293,05418,05548,05676,05803,05931,06060,06189,06317,06449,06575,06702,06824,06958,07092,07212,07353,07470,07594,07732,07852,07987,08118]","current-state.md: 35. Frontier F batch: 64 nodes, the ablation at scale and RIKEN (F4, F5, F6, F10), 2026-09-29","c32d3ad 2026-09-29 Record phase A (Gemini, HavoqGT), O1 ordering pair and O2 RMAT baselines; start the Frontier F batch",
5565469,frontier-campaign,run.py,6,4,grid3-30-z;mesh28-w10-z;terrain30-s-z,riken,riken,"frontier[00083,00171,00297,00460,00582,00712,00844,00968,01098,01225,01350,01480,01602,01735,01859,01984]",acic-f6-riken-16n,csc710,batch,COMPLETED,2026-09-29T14:53:54,2026-09-29T15:07:11,00:13:17,"frontier[00083,00171,00297,00460,00582,00712,00844,00968,01098,01225,01350,01480,01602,01735,01859,01984]","current-state.md: `mesh28-w10-z` (268.4M vertices, 1,073.7M edges)","c32d3ad 2026-09-29 Record phase A (Gemini, HavoqGT), O1 ordering pair and O2 RMAT baselines; start the Frontier F batch",
5565470,frontier-campaign,run.py,6,6,grid3-30-z;mesh28-w10-z;terrain30-s-z,riken,riken,"frontier[00010,00136,00264,00392,00520,00648,00776,00904,01032,01160,01288,01416,01544,01672,01800,01928,02056,02184,02312,02440,02569,02700,02824,02960,03083,03208,03339,03464,03592,03720,03851,03976,04104,04233,04360,04488,04616,04744,04872,05000,05128,05256,05384,05512,05640,05768,05896,06024,06152,06280,06408,06536,06664,06792,06920,07048,07176,07306,07432,07560,07690,07815,07943,08071]",acic-f6-riken-64n,csc710,batch,COMPLETED,2026-09-29T15:45:00,2026-09-29T16:09:41,00:24:41,"frontier[00010,00136,00264,00392,00520,00648,00776,00904,01032,01160,01288,01416,01544,01672,01800,01928,02056,02184,02312,02440,02569,02700,02824,02960,03083,03208,03339,03464,03592,03720,03851,03976,04104,04233,04360,04488,04616,04744,04872,05000,05128,05256,05384,05512,05640,05768,05896,06024,06152,06280,06408,06536,06664,06792,06920,07048,07176,07306,07432,07560,07690,07815,07943,08071]","current-state.md: `mesh28-w10-z` (268.4M vertices, 1,073.7M edges)","c32d3ad 2026-09-29 Record phase A (Gemini, HavoqGT), O1 ordering pair and O2 RMAT baselines; start the Frontier F batch",
5565471,frontier-campaign,run.py,3,3,terrain30-s-z,gluon,gluon-async,"frontier[00390,00392,00395,00521-00523,00645,00648,00652,00786-00787,00789,00905-00907,01034,01036-01037,01165-01166,01168,01289-01291,01413-01414,01416,01542,01544,01548,01670-01672,01812,01814,01925-01926,02056,02059,02191-02192,04707,06122,06856,06866,07132,07162,07801,08021,08054,08277,08829-08830,08915,08917,09002,09096-09097,09222-09223,09351-09352,10118,10120]",acic-f7-gluon-delta,csc710,batch,COMPLETED,2026-09-29T10:09:01,2026-09-29T10:43:43,00:34:42,"frontier[00390,00392,00395,00521-00523,00645,00648,00652,00786-00787,00789,00905-00907,01034,01036-01037,01165-01166,01168,01289-01291,01413-01414,01416,01542,01544,01548,01670-01672,01812,01814,01925-01926,02056,02059,02191-02192,04707,06122,06856,06866,07132,07162,07801,08021,08054,08277,08829-08830,08915,08917,09002,09096-09097,09222-09223,09351-09352,10118,10120]","current-state.md: 34. Frontier F batch, first results (2026-09-29)","c32d3ad 2026-09-29 Record phase A (Gemini, HavoqGT), O1 ordering pair and O2 RMAT baselines; start the Frontier F batch",
5565472,frontier-campaign,onenode_ab,128,128,mesh26;mesh26-z;road-usa;road-usa-z,acic,frozen;tile_off,"frontier[00470,00731,00990,01496,01631,01886,02022,02139,02271,02373,02530,02637,02750,02882,03146,03955]",acic-o1b-16n,csc710,batch,COMPLETED,2026-09-29T09:59:10,2026-09-29T10:16:56,00:17:46,"frontier[00470,00731,00990,01496,01631,01886,02022,02139,02271,02373,02530,02637,02750,02882,03146,03955]","current-state.md: 34. Frontier F batch, first results (2026-09-29)","c32d3ad 2026-09-29 Record phase A (Gemini, HavoqGT), O1 ordering pair and O2 RMAT baselines; start the Frontier F batch",
5565476,frontier-campaign,run.py,43,37,road-planet-z,gap,gap-t56-d131072;gap-t56-d2097152;gap-t56-d32768;gap-t56-d33554432;gap-t56-d524288;gap-t56-d8192;gap-t56-d8388608,frontier09287,acic-f9-gap-planet,csc710,batch,COMPLETED,2026-09-29T09:55:16,2026-09-29T10:27:16,00:32:00,frontier09287,"current-state.md: `road-planet-z` (199.5M vertices, 496.0M edges)","d139ea3 2026-09-29 Record the first F-batch results (F4 16n, F5 32n, F7, F9, O1b, O2b) and the C1/C2/O2c probes",
5565797,frontier-campaign,run.py,43,36,road-planet-z,wasp,wasp-t56-d131072;wasp-t56-d2097152;wasp-t56-d32768;wasp-t56-d33554432;wasp-t56-d524288;wasp-t56-d8192;wasp-t56-d8388608,frontier01653,acic-f9-wasp-planet,csc710,batch,COMPLETED,2026-09-29T10:43:09,2026-09-29T11:10:04,00:26:55,frontier01653,"current-state.md: `road-planet-z` (199.5M vertices, 496.0M edges)","d139ea3 2026-09-29 Record the first F-batch results (F4 16n, F5 32n, F7, F9, O1b, O2b) and the C1/C2/O2c probes",
5566503,frontier-campaign,run.py,8,4,rmat25;rmat26,havoqgt,havoqgt,"frontier[01778,01909,02159,02290,02943,06383,06762,06891,07653,08152,08306,08409,08538,08688,08832,08934]",acic-o2d-havoqgt-d4096,csc710,batch,COMPLETED,2026-09-29T12:21:32,2026-09-29T12:48:28,00:26:56,"frontier[01778,01909,02159,02290,02943,06383,06762,06891,07653,08152,08306,08409,08538,08688,08832,08934]","current-state.md: `rmat25` (33.6M vertices, 1,047.2M edges)",8078bb3 2026-09-29 Record C1/C2 chunk stall probes and O2c HavoqGT delegates; submit O2d (HavoqGT threshold 4096 on RMAT),
5566974,frontier-campaign,run.py,4,4,rmat26,havoqgt,havoqgt,"frontier[00123,00255,00467,00596,00719,00849,00995,01105,01235,01363,01486,01630,01743,01875,02010,02130]",acic-o2e-havoqgt-d16k,csc710,batch,COMPLETED,2026-09-29T13:09:30,2026-09-29T13:10:27,00:00:57,"frontier[00123,00255,00467,00596,00719,00849,00995,01105,01235,01363,01486,01630,01743,01875,02010,02130]","current-state.md: `rmat26` (67.1M vertices, 2,103.8M edges)",3d876c7 2026-09-29 Record O2d (HavoqGT threshold 4096 on RMAT); submit O2e (rmat26 at 16384),
5568629,frontier-campaign,onenode_ab,288,288,grid3-30-z;mesh24-z;mesh26-z;mesh28-w10-z;mesh28-w64k-z;mesh28-z;mesh30-z;mesh32-z;terrain30-s-z,acic,c256_s64;frozen,"frontier[08263-08264,08267,08314]",acic-f8-mesh-4n,csc710,batch,COMPLETED,2026-09-29T16:53:38,2026-09-29T17:30:24,00:36:46,"frontier[08263-08264,08267,08314]","current-state.md: `mesh24-z` (16.8M vertices, 67.1M edges)","5ac5b4a 2026-09-29 IPDPS abstract draft, paper framing (Graph500 gap, adaptive fine-grained techniques, Mind the Gap), F8 and follow-up jobs submitted",
5568630,frontier-campaign,onenode_ab,64,64,road-eu-z;road-na-z;road-planet-z;road-usa-z,acic,frozen,"frontier[08397-08398,08400-08401]",acic-f8-road-4n,csc710,batch,COMPLETED,2026-09-29T16:53:38,2026-09-29T16:55:54,00:02:16,"frontier[08397-08398,08400-08401]","current-state.md: `road-usa-z` (23.9M vertices, 57.7M edges)","5ac5b4a 2026-09-29 IPDPS abstract draft, paper framing (Graph500 gap, adaptive fine-grained techniques, Mind the Gap), F8 and follow-up jobs submitted",
5568631,frontier-campaign,onenode_ab,336,336,grid3-30-z;grid3-33-z;mesh24-z;mesh26-z;mesh28-w10-z;mesh28-w64k-z;mesh28-z;mesh30-z;mesh32-z;terrain30-m-z;terrain30-s-z,acic,c256_s64;frozen,"frontier[05361,05490,06505,06630,06893,07271,07677,07806,08011,08155,08682,08778,08932,09078,09196,09325]",acic-f8-mesh-16n,csc710,batch,COMPLETED,2026-09-29T16:53:38,2026-09-29T17:30:00,00:36:22,"frontier[05361,05490,06505,06630,06893,07271,07677,07806,08011,08155,08682,08778,08932,09078,09196,09325]","current-state.md: `mesh24-z` (16.8M vertices, 67.1M edges)","5ac5b4a 2026-09-29 IPDPS abstract draft, paper framing (Graph500 gap, adaptive fine-grained techniques, Mind the Gap), F8 and follow-up jobs submitted",
5568632,frontier-campaign,onenode_ab,64,64,road-eu-z;road-na-z;road-planet-z;road-usa-z,acic,frozen,"frontier[05362,07805,08012,08014,08156,08380,08691,08698,08808,08900,08929-08930,09080,09082,09084,09197]",acic-f8-road-16n,csc710,batch,COMPLETED,2026-09-29T16:54:30,2026-09-29T16:56:00,00:01:30,"frontier[05362,07805,08012,08014,08156,08380,08691,08698,08808,08900,08929-08930,09080,09082,09084,09197]","current-state.md: `road-usa-z` (23.9M vertices, 57.7M edges)","5ac5b4a 2026-09-29 IPDPS abstract draft, paper framing (Graph500 gap, adaptive fine-grained techniques, Mind the Gap), F8 and follow-up jobs submitted",
5568633,frontier-campaign,onenode_ab,336,336,grid3-30-z;grid3-33-z;mesh24-z;mesh26-z;mesh28-w10-z;mesh28-w64k-z;mesh28-z;mesh30-z;mesh32-z;terrain30-m-z;terrain30-s-z,acic,c256_s64;frozen,"frontier[00056,00176,00306,00435,00556,00682,00827,00951,01082,01222,01321,01459,01570,01707,01859,01989,02117,02256,02395,02509,02654,02769,02878,02993,03156,03276,03368,03507,03631,03760,03896,04019]",acic-f8-mesh-32n,csc710,batch,COMPLETED,2026-09-29T16:57:07,2026-09-29T17:30:27,00:33:20,"frontier[00056,00176,00306,00435,00556,00682,00827,00951,01082,01222,01321,01459,01570,01707,01859,01989,02117,02256,02395,02509,02654,02769,02878,02993,03156,03276,03368,03507,03631,03760,03896,04019]","current-state.md: `mesh24-z` (16.8M vertices, 67.1M edges)","5ac5b4a 2026-09-29 IPDPS abstract draft, paper framing (Graph500 gap, adaptive fine-grained techniques, Mind the Gap), F8 and follow-up jobs submitted",
5568634,frontier-campaign,onenode_ab,64,64,road-eu-z;road-na-z;road-planet-z;road-usa-z,acic,frozen,"frontier[00057,00178,00308,00459,00581,00711,00843,00967,01096,01224,01349,01479,01601,01734,01868,01991,02124,02257,02396,02529,02658,02770,02912,03022,03157,03278,03374,03518,03643,03771,03902,04033]",acic-f8-road-32n,csc710,batch,COMPLETED,2026-09-29T16:57:07,2026-09-29T16:58:49,00:01:42,"frontier[00057,00178,00308,00459,00581,00711,00843,00967,01096,01224,01349,01479,01601,01734,01868,01991,02124,02257,02396,02529,02658,02770,02912,03022,03157,03278,03374,03518,03643,03771,03902,04033]","current-state.md: `road-usa-z` (23.9M vertices, 57.7M edges)","5ac5b4a 2026-09-29 IPDPS abstract draft, paper framing (Graph500 gap, adaptive fine-grained techniques, Mind the Gap), F8 and follow-up jobs submitted",
5568635,frontier-campaign,onenode_ab,336,336,grid3-30-z;grid3-33-z;mesh24-z;mesh26-z;mesh28-w10-z;mesh28-w64k-z;mesh28-z;mesh30-z;mesh32-z;terrain30-m-z;terrain30-s-z,acic,c256_s64;frozen,"frontier[00113,00128,00244,03395,04142,04165,04274,04285,04401,04414,04530,04543,04658,04668,04786,04793,04911,04917,05043,05053,05165,05176,05286,05298,05408,05423,05548,05552,05675,05680,05790,05807,05918,05935,06063-06064,06183,06192,06310,06429,06565,06686,06811,06940,07067,07196,07325,07446,07579,07706,07852,07957,08085,08211,08345,08466,08602,08747,08850,08978,09106,09241,09363,10130]",acic-f8-mesh-64n,csc710,batch,COMPLETED,2026-09-29T16:57:07,2026-09-29T17:32:23,00:35:16,"frontier[00113,00128,00244,03395,04142,04165,04274,04285,04401,04414,04530,04543,04658,04668,04786,04793,04911,04917,05043,05053,05165,05176,05286,05298,05408,05423,05548,05552,05675,05680,05790,05807,05918,05935,06063-06064,06183,06192,06310,06429,06565,06686,06811,06940,07067,07196,07325,07446,07579,07706,07852,07957,08085,08211,08345,08466,08602,08747,08850,08978,09106,09241,09363,10130]","current-state.md: `mesh24-z` (16.8M vertices, 67.1M edges)","5ac5b4a 2026-09-29 IPDPS abstract draft, paper framing (Graph500 gap, adaptive fine-grained techniques, Mind the Gap), F8 and follow-up jobs submitted",
5568636,frontier-campaign,onenode_ab,64,64,road-eu-z;road-na-z;road-planet-z;road-usa-z,acic,frozen,"frontier[06501,06509,06516,06631,06706,06756,06828,06832-06833,06960-06961,07008,07099,07136,07150,07211,07214-07215,07338,07342,07359,07452-07453,07479,07581,07589,07596,07804-07805,07868-07869,07930,07963-07964,08012,08091-08092,08141,08216-08217,08244,08392,08397-08398,08468,08472,08497,08612,08614,08691,08766,08769,08857,08899,08980,08983,09108,09112,09262-09263,09369-09370,10131-10132]",acic-f8-road-64n,csc710,batch,COMPLETED,2026-09-29T16:57:07,2026-09-29T16:59:58,00:02:51,"frontier[06501,06509,06516,06631,06706,06756,06828,06832-06833,06960-06961,07008,07099,07136,07150,07211,07214-07215,07338,07342,07359,07452-07453,07479,07581,07589,07596,07804-07805,07868-07869,07930,07963-07964,08012,08091-08092,08141,08216-08217,08244,08392,08397-08398,08468,08472,08497,08612,08614,08691,08766,08769,08857,08899,08980,08983,09108,09112,09262-09263,09369-09370,10131-10132]","current-state.md: `road-usa-z` (23.9M vertices, 57.7M edges)","5ac5b4a 2026-09-29 IPDPS abstract draft, paper framing (Graph500 gap, adaptive fine-grained techniques, Mind the Gap), F8 and follow-up jobs submitted",
5568637,frontier-campaign,onenode_ab,36,36,terrain30-l-z,acic,c256_s64;frozen,"frontier[00027,00146,00296,00397,00525,00653,00781,00911,01038,01167,01296,01423,01551,01682,01807,01935,02061,02190,02317,02444,02588,02709,02829,02978,03097,03228,03343,03484,03611,03753,03867,03992]",acic-f8-terrl-32n,csc710,batch,COMPLETED,2026-09-29T16:58:53,2026-09-29T17:54:10,00:55:17,"frontier[00027,00146,00296,00397,00525,00653,00781,00911,01038,01167,01296,01423,01551,01682,01807,01935,02061,02190,02317,02444,02588,02709,02829,02978,03097,03228,03343,03484,03611,03753,03867,03992]","current-state.md: `terrain30-l-z` (34,347.8M vertices, 274,770.9M edges)","5ac5b4a 2026-09-29 IPDPS abstract draft, paper framing (Graph500 gap, adaptive fine-grained techniques, Mind the Gap), F8 and follow-up jobs submitted",
5568638,frontier-campaign,onenode_ab,32,32,terrain30-l-z,acic,c256_s64;frozen,"frontier[00028,00147,00309,00400,00528,00656,00784,00912,01040,01168,01297,01424,01552,01686,01808,01936,02064,02191,02318,02445,02590,02717,02832,02979,03103,03239,03344,03486,03612,03754,03881,04007,04118,04250,04388,04515,04629,04754,04881,05013,05139,05266,05395,05527,05649,05775,05902,06035,06163,06290,06414,06545,06670,06800,06925,07053,07181,07310,07436,07564,07695,07827,07947,08076]",acic-f8-terrl-64n,csc710,batch,COMPLETED,2026-09-29T16:58:53,2026-09-29T17:28:05,00:29:12,"frontier[00028,00147,00309,00400,00528,00656,00784,00912,01040,01168,01297,01424,01552,01686,01808,01936,02064,02191,02318,02445,02590,02717,02832,02979,03103,03239,03344,03486,03612,03754,03881,04007,04118,04250,04388,04515,04629,04754,04881,05013,05139,05266,05395,05527,05649,05775,05902,06035,06163,06290,06414,06545,06670,06800,06925,07053,07181,07310,07436,07564,07695,07827,07947,08076]","current-state.md: `terrain30-l-z` (34,347.8M vertices, 274,770.9M edges)","5ac5b4a 2026-09-29 IPDPS abstract draft, paper framing (Graph500 gap, adaptive fine-grained techniques, Mind the Gap), F8 and follow-up jobs submitted",
5568639,frontier-campaign,onenode_ab,80,80,orkut;rmat25;rmat26;rmat27;uniform25,acic,frozen,"frontier[01650,03051,05757,06522-06523,06777,07162,07421,08049,08441,08561,08672,08953,09211,09332,09453]",acic-f8-sf-16n,csc710,batch,COMPLETED,2026-09-29T16:58:03,2026-09-29T16:59:49,00:01:46,"frontier[01650,03051,05757,06522-06523,06777,07162,07421,08049,08441,08561,08672,08953,09211,09332,09453]","current-state.md: `orkut` (3.1M vertices, 234.4M edges)","5ac5b4a 2026-09-29 IPDPS abstract draft, paper framing (Graph500 gap, adaptive fine-grained techniques, Mind the Gap), F8 and follow-up jobs submitted",
5568640,frontier-campaign,onenode_ab,384,384,grid3-30-z;mesh28-w10-z;mesh28-w64k-z;mesh28-z;mesh32-z;terrain30-s-z,acic,frozen;w0p125x;w16x;w4x,"frontier[05650,05653-05655,05661-05662,05677,05682-05686,05688-05689,05695,05698]",acic-wcheck-16n,csc710,batch,COMPLETED,2026-09-29T16:58:53,2026-09-29T17:32:34,00:33:41,"frontier[05650,05653-05655,05661-05662,05677,05682-05686,05688-05689,05695,05698]","current-state.md: 36. F8 final matrix, width check, F10b and native-order baselines (2026-09-29)","a9c707e 2026-09-22 Drain cap results: road scales ~2x to 4 nodes, mesh loses; record road cap sweep before submission",
5568641,frontier-campaign,onenode_ab,80,80,orkut;rmat25;rmat26;rmat27;uniform25,acic,frozen,"frontier[00029,00148,00310,00401,00529,00657,00785,00913,01042,01169,01298,01425,01553,01687,01809,01937,02066,02192,02319,02456,02593,02725,02834,02980,03104,03240,03345,03496,03614,03755,03884,04008,04119,04262,04389,04517,04639,04757,04882,05015,05140,05267,05396,05532,05703,05776,05904,06044,06164,06293,06415,06546,06674,06801,06926,07054,07182,07312,07437,07565,07697,07829,07949,08077]",acic-f8-sf-64n,csc710,batch,COMPLETED,2026-09-29T16:58:53,2026-09-29T17:01:14,00:02:21,"frontier[00029,00148,00310,00401,00529,00657,00785,00913,01042,01169,01298,01425,01553,01687,01809,01937,02066,02192,02319,02456,02593,02725,02834,02980,03104,03240,03345,03496,03614,03755,03884,04008,04119,04262,04389,04517,04639,04757,04882,05015,05140,05267,05396,05532,05703,05776,05904,06044,06164,06293,06415,06546,06674,06801,06926,07054,07182,07312,07437,07565,07697,07829,07949,08077]","current-state.md: `orkut` (3.1M vertices, 234.4M edges)","5ac5b4a 2026-09-29 IPDPS abstract draft, paper framing (Graph500 gap, adaptive fine-grained techniques, Mind the Gap), F8 and follow-up jobs submitted",
5568642,frontier-campaign,onenode_ab,384,384,grid3-30-z;mesh28-w10-z;mesh28-w64k-z;mesh28-z;mesh32-z;terrain30-s-z,acic,frozen;w0p125x;w16x;w4x,"frontier[00034,00155,00311,00402,00530,00658,00786,00914,01045,01170,01302,01426,01554,01688,01810,01938,02070,02193,02336,02466,02594,02726,02843,02981,03105,03242,03346,03497,03625,03756,03887,04009,04120,04264,04391,04518,04641,04760,04888,05018,05141,05268,05397,05533,05704,05777,05905,06045,06165,06294,06418,06547,06675,06802,06927,07055,07183,07313,07438,07570,07698,07834,07950,08078]",acic-wcheck-64n,csc710,batch,COMPLETED,2026-09-29T16:58:53,2026-09-29T17:35:02,00:36:09,"frontier[00034,00155,00311,00402,00530,00658,00786,00914,01045,01170,01302,01426,01554,01688,01810,01938,02070,02193,02336,02466,02594,02726,02843,02981,03105,03242,03346,03497,03625,03756,03887,04009,04120,04264,04391,04518,04641,04760,04888,05018,05141,05268,05397,05533,05704,05777,05905,06045,06165,06294,06418,06547,06675,06802,06927,07055,07183,07313,07438,07570,07698,07834,07950,08078]","current-state.md: 36. F8 final matrix, width check, F10b and native-order baselines (2026-09-29)","5ac5b4a 2026-09-29 IPDPS abstract draft, paper framing (Graph500 gap, adaptive fine-grained techniques, Mind the Gap), F8 and follow-up jobs submitted",
5568643,frontier-campaign,onenode_ab,81,81,terrain30-m-z,acic,candidate_weight;chunks;frozen;local_queue;no_batch;no_share;no_slice;plain_async;plain_async_weight,"frontier[00041,00156,00312,00403,00531,00659,00787,00915,01048,01171,01303,01430,01558,01726,01815,01943,02072,02199,02337,02467,02595,02727,02848,02994,03122,03250,03347,03502,03632,03765,03888,04011,04128,04265,04393,04522,04643,04761,04892,05019,05144,05269,05398,05539,05732,05778,05906,06046,06166,06295,06419,06548,06677,06803,06930,07057,07184,07314,07440,07571,07700,07835,07951,08080]",acic-f10-terr-64n,csc710,batch,COMPLETED,2026-09-29T16:58:53,2026-09-29T17:51:36,00:52:43,"frontier[00041,00156,00312,00403,00531,00659,00787,00915,01048,01171,01303,01430,01558,01726,01815,01943,02072,02199,02337,02467,02595,02727,02848,02994,03122,03250,03347,03502,03632,03765,03888,04011,04128,04265,04393,04522,04643,04761,04892,05019,05144,05269,05398,05539,05732,05778,05906,06046,06166,06295,06419,06548,06677,06803,06930,07057,07184,07314,07440,07571,07700,07835,07951,08080]","current-state.md: 36. F8 final matrix, width check, F10b and native-order baselines (2026-09-29)","5ac5b4a 2026-09-29 IPDPS abstract draft, paper framing (Graph500 gap, adaptive fine-grained techniques, Mind the Gap), F8 and follow-up jobs submitted",
5568646,frontier-campaign,run.py,4,4,mesh26;mesh26-z,riken,riken,"frontier[05270-05271,05276,05287,05292-05294,05299-05302,05304,05307,05309-05310,05317]",acic-o1-riken,csc710,batch,COMPLETED,2026-09-29T16:58:53,2026-09-29T17:02:59,00:04:06,"frontier[05270-05271,05276,05287,05292-05294,05299-05302,05304,05307,05309-05310,05317]","current-state.md: `mesh26` (67.1M vertices, 268.4M edges)","5ac5b4a 2026-09-29 IPDPS abstract draft, paper framing (Graph500 gap, adaptive fine-grained techniques, Mind the Gap), F8 and follow-up jobs submitted",
5568648,frontier-campaign,run.py,8,8,mesh26;mesh26-z;road-usa;road-usa-z,gemini,gemini,"frontier[05399,05404,05409,05414,05418-05419,05422,05426-05429,05431,05444,05447-05449]",acic-o1-gemini,csc710,batch,COMPLETED,2026-09-29T16:58:53,2026-09-29T17:09:05,00:10:12,"frontier[05399,05404,05409,05414,05418-05419,05422,05426-05429,05431,05444,05447-05449]","current-state.md: `mesh26` (67.1M vertices, 268.4M edges)","5ac5b4a 2026-09-29 IPDPS abstract draft, paper framing (Graph500 gap, adaptive fine-grained techniques, Mind the Gap), F8 and follow-up jobs submitted",
5568649,frontier-campaign,run.py,8,8,mesh26;mesh26-z;road-usa;road-usa-z,havoqgt,havoqgt,"frontier[05541-05543,05549,05554-05558,05560,05562,05567-05569,05571-05572]",acic-o1-havoqgt,csc710,batch,COMPLETED,2026-09-29T16:58:53,2026-09-29T17:06:16,00:07:23,"frontier[05541-05543,05549,05554-05558,05560,05562,05567-05569,05571-05572]","current-state.md: `mesh26` (67.1M vertices, 268.4M edges)","5ac5b4a 2026-09-29 IPDPS abstract draft, paper framing (Graph500 gap, adaptive fine-grained techniques, Mind the Gap), F8 and follow-up jobs submitted",
5568653,frontier-campaign,onenode_ab,192,192,grid3-30-z;mesh24-z;mesh26-z;mesh28-w10-z;mesh28-w64k-z;mesh28-z,acic,c256_s64;frozen,frontier02577,acic-f8-mesh-1n,csc710,batch,COMPLETED,2026-09-29T16:46:41,2026-09-29T17:12:30,00:25:49,frontier02577,"current-state.md: `mesh24-z` (16.8M vertices, 67.1M edges)","13248d5 2026-09-29 F8 final matrix, width check, F10b and native-order baselines (current-state section 36); abstract numbers from F8",
5568963,frontier-campaign,onenode_ab,64,64,road-eu-z;road-na-z;road-planet-z;road-usa-z,acic,frozen,frontier06922,acic-f8-road-1n,csc710,batch,COMPLETED,2026-09-29T17:14:39,2026-09-29T17:17:59,00:03:20,frontier06922,"current-state.md: `road-usa-z` (23.9M vertices, 57.7M edges)","13248d5 2026-09-29 F8 final matrix, width check, F10b and native-order baselines (current-state section 36); abstract numbers from F8",
5568974,frontier-campaign,onenode_ab,64,64,mesh30-z;terrain30-s-z,acic,c256_s64;frozen,frontier05513,acic-f8-heavy-1n,csc710,batch,COMPLETED,2026-09-29T17:18:47,2026-09-29T17:56:04,00:37:17,frontier05513,"current-state.md: `mesh30-z` (1,073.7M vertices, 4,294.8M edges)","13248d5 2026-09-29 F8 final matrix, width check, F10b and native-order baselines (current-state section 36); abstract numbers from F8",
5569507,frontier-campaign,onenode_ab,288,288,grid3-30-z;mesh24-z;mesh26-z;mesh28-w10-z;mesh28-w64k-z;mesh28-z;mesh30-z;mesh32-z;terrain30-s-z,acic,c256_s64;frozen,frontier[08778-08781],acic-f8w-4n,csc710,batch,COMPLETED,2026-09-29T18:10:33,2026-09-29T18:44:57,00:34:24,frontier[08778-08781],"current-state.md: `mesh24-z` (16.8M vertices, 67.1M edges)","49057de 2026-09-29 Plan: F8w (ln V / 8 adopted), F11 and F6b at 56 ranks per node submitted",
5569508,frontier-campaign,onenode_ab,336,336,grid3-30-z;grid3-33-z;mesh24-z;mesh26-z;mesh28-w10-z;mesh28-w64k-z;mesh28-z;mesh30-z;mesh32-z;terrain30-m-z;terrain30-s-z,acic,c256_s64;frozen,"frontier[09029-09033,09035-09037,09039-09040,09044,09047,09067-09068,09070,09072]",acic-f8w-16n,csc710,batch,COMPLETED,2026-09-29T18:10:33,2026-09-29T18:45:02,00:34:29,"frontier[09029-09033,09035-09037,09039-09040,09044,09047,09067-09068,09070,09072]","current-state.md: `mesh24-z` (16.8M vertices, 67.1M edges)","72bee31 2026-09-29 F8w (ln V / 8), F11 aggregation ablation and F6b RIKEN: current-state section 37, tables, abstract numbers",
5569509,frontier-campaign,onenode_ab,336,336,grid3-30-z;grid3-33-z;mesh24-z;mesh26-z;mesh28-w10-z;mesh28-w64k-z;mesh28-z;mesh30-z;mesh32-z;terrain30-m-z;terrain30-s-z,acic,c256_s64;frozen,"frontier[00100,00226,00348,00471,00596,00726,00853,00983,01112,01239,01365,01491,01620,01748,01876,02005,02130,02262,02397,02527,02659,02787,02894,03026,03157,03287,03410,03542,03670,03795,03926,04052]",acic-f8w-32n,csc710,batch,COMPLETED,2026-09-29T18:10:33,2026-09-29T18:41:49,00:31:16,"frontier[00100,00226,00348,00471,00596,00726,00853,00983,01112,01239,01365,01491,01620,01748,01876,02005,02130,02262,02397,02527,02659,02787,02894,03026,03157,03287,03410,03542,03670,03795,03926,04052]","current-state.md: `mesh24-z` (16.8M vertices, 67.1M edges)","72bee31 2026-09-29 F8w (ln V / 8), F11 aggregation ablation and F6b RIKEN: current-state section 37, tables, abstract numbers",
5569510,frontier-campaign,onenode_ab,336,336,grid3-30-z;grid3-33-z;mesh24-z;mesh26-z;mesh28-w10-z;mesh28-w64k-z;mesh28-z;mesh30-z;mesh32-z;terrain30-m-z;terrain30-s-z,acic,c256_s64;frozen,"frontier[00101,00227,00349,00473,00597,00727,00855,00985,01113,01240,01366,01493,01622,01749,01877,02006,02132,02263,02398,02529,02660,02788,02895,03028,03162,03288,03412,03543,03671,03796,03927,04053,04180,04303,04435,04566,04689,04816,04936,05075,05190,05315,05450,05575,05711,05829,05952,06123,06209,06385,06465,06614,06744,06847,06976,07111,07227,07365,07492,07615,07762,07890,08012,08135]",acic-f8w-64n,csc710,batch,COMPLETED,2026-09-29T18:10:33,2026-09-29T18:42:40,00:32:07,"frontier[00101,00227,00349,00473,00597,00727,00855,00985,01113,01240,01366,01493,01622,01749,01877,02006,02132,02263,02398,02529,02660,02788,02895,03028,03162,03288,03412,03543,03671,03796,03927,04053,04180,04303,04435,04566,04689,04816,04936,05075,05190,05315,05450,05575,05711,05829,05952,06123,06209,06385,06465,06614,06744,06847,06976,07111,07227,07365,07492,07615,07762,07890,08012,08135]","current-state.md: `mesh24-z` (16.8M vertices, 67.1M edges)","49057de 2026-09-29 Plan: F8w (ln V / 8 adopted), F11 and F6b at 56 ranks per node submitted",
5569511,frontier-campaign,onenode_ab,32,32,terrain30-l-z,acic,c256_s64;frozen,"frontier[00102,00228,00353,00474,00599,00728,00857,00986,01114,01241,01367,01494,01623,01750,01878,02007,02133,02264,02399,02530,02663,02789,02896,03030,03167,03289,03413,03544,03672,03797,03928,04054]",acic-f8w-terrl-32n,csc710,batch,COMPLETED,2026-09-29T18:10:33,2026-09-29T18:50:19,00:39:46,"frontier[00102,00228,00353,00474,00599,00728,00857,00986,01114,01241,01367,01494,01623,01750,01878,02007,02133,02264,02399,02530,02663,02789,02896,03030,03167,03289,03413,03544,03672,03797,03928,04054]","current-state.md: `terrain30-l-z` (34,347.8M vertices, 274,770.9M edges)","49057de 2026-09-29 Plan: F8w (ln V / 8 adopted), F11 and F6b at 56 ranks per node submitted",
5569512,frontier-campaign,onenode_ab,32,32,terrain30-l-z,acic,c256_s64;frozen,"frontier[00103,00229,00355,00475,00600,00729,00858,00987,01115,01242,01368,01495,01624,01751,01879,02008,02134,02265,02400,02531,02664,02790,02899,03031,03170,03293,03414,03545,03673,03798,03929,04056,04181,04305,04436,04567,04690,04820,04937,05080,05191,05317,05451,05576,05712,05830,05954,06124,06211,06387,06469,06622,06752,06848,06980,07113,07229,07366,07499,07616,07773,07891,08013,08136]",acic-f8w-terrl-64n,csc710,batch,COMPLETED,2026-09-29T18:10:33,2026-09-29T18:37:48,00:27:15,"frontier[00103,00229,00355,00475,00600,00729,00858,00987,01115,01242,01368,01495,01624,01751,01879,02008,02134,02265,02400,02531,02664,02790,02899,03031,03170,03293,03414,03545,03673,03798,03929,04056,04181,04305,04436,04567,04690,04820,04937,05080,05191,05317,05451,05576,05712,05830,05954,06124,06211,06387,06469,06622,06752,06848,06980,07113,07229,07366,07499,07616,07773,07891,08013,08136]","current-state.md: `terrain30-l-z` (34,347.8M vertices, 274,770.9M edges)","49057de 2026-09-29 Plan: F8w (ln V / 8 adopted), F11 and F6b at 56 ranks per node submitted",
5569513,frontier-campaign,onenode_ab,160,160,orkut;rmat25;rmat26;rmat27;uniform25,acic,frozen;rule,"frontier[09160-09164,09176,09180-09183,09187-09192]",acic-f8w-sf-16n,csc710,batch,COMPLETED,2026-09-29T18:10:33,2026-09-29T18:13:54,00:03:21,"frontier[09160-09164,09176,09180-09183,09187-09192]","current-state.md: `orkut` (3.1M vertices, 234.4M edges)","49057de 2026-09-29 Plan: F8w (ln V / 8 adopted), F11 and F6b at 56 ranks per node submitted",
5569514,frontier-campaign,onenode_ab,160,160,orkut;rmat25;rmat26;rmat27;uniform25,acic,frozen;rule,"frontier[00045,00175,00301,00449,00552,00682,00827,00951,01077,01193,01321,01446,01577,01707,01827,01957,02081,02211,02349,02478,02605,02735,02861,02991,03118,03245,03374,03504,03641,03758,03895,04018,04143,04272,04399,04525,04651,04780,04899,05036,05155,05303,05414,05556,05672,05793,05921,06050,06178,06313,06433,06568,06704,06825,06945,07073,07199,07374,07456,07625,07715,07839,07970,08094]",acic-f8w-sf-64n,csc710,batch,COMPLETED,2026-09-29T18:11:23,2026-09-29T18:15:38,00:04:15,"frontier[00045,00175,00301,00449,00552,00682,00827,00951,01077,01193,01321,01446,01577,01707,01827,01957,02081,02211,02349,02478,02605,02735,02861,02991,03118,03245,03374,03504,03641,03758,03895,04018,04143,04272,04399,04525,04651,04780,04899,05036,05155,05303,05414,05556,05672,05793,05921,06050,06178,06313,06433,06568,06704,06825,06945,07073,07199,07374,07456,07625,07715,07839,07970,08094]","current-state.md: `orkut` (3.1M vertices, 234.4M edges)","49057de 2026-09-29 Plan: F8w (ln V / 8 adopted), F11 and F6b at 56 ranks per node submitted",
5569515,frontier-campaign,onenode_ab,252,252,mesh32-z;rmat26;road-planet-z;terrain30-s-z,acic,buf64;flush_fixed;frozen;idle_int0;idle_off;idle_on;naive,"frontier[08220-08222,08260-08264,08267,08271-08274,08286,08292,08294]",acic-f11-16n,csc710,batch,COMPLETED,2026-09-29T18:11:23,2026-09-29T18:49:07,00:37:44,"frontier[08220-08222,08260-08264,08267,08271-08274,08286,08292,08294]","current-state.md: 37. F8w (width ln V / 8), F11 aggregation ablation and F6b RIKEN (2026-09-29)","49057de 2026-09-29 Plan: F8w (ln V / 8 adopted), F11 and F6b at 56 ranks per node submitted",
5569516,frontier-campaign,onenode_ab,252,252,mesh32-z;rmat26;road-planet-z;terrain30-s-z,acic,buf64;flush_fixed;frozen;idle_int0;idle_off;idle_on;naive,"frontier[00046,00176,00303,00450,00556,00708,00840,00962,01082,01221,01342,01459,01598,01731,01830,01958,02082,02212,02350,02479,02611,02737,02862,02997,03119,03246,03375,03505,03643,03764,03900,04024,04144,04273,04400,04527,04652,04783,04900,05040,05156,05306,05417,05557,05678,05794,05922,06054,06182,06317,06439,06571,06706,06826,06946,07077,07200,07375,07457,07636,07717,07840,07971,08095]",acic-f11-64n,csc710,batch,COMPLETED,2026-09-29T18:11:23,2026-09-29T18:48:03,00:36:40,"frontier[00046,00176,00303,00450,00556,00708,00840,00962,01082,01221,01342,01459,01598,01731,01830,01958,02082,02212,02350,02479,02611,02737,02862,02997,03119,03246,03375,03505,03643,03764,03900,04024,04144,04273,04400,04527,04652,04783,04900,05040,05156,05306,05417,05557,05678,05794,05922,06054,06182,06317,06439,06571,06706,06826,06946,07077,07200,07375,07457,07636,07717,07840,07971,08095]","current-state.md: 37. F8w (width ln V / 8), F11 aggregation ablation and F6b RIKEN (2026-09-29)","49057de 2026-09-29 Plan: F8w (ln V / 8 adopted), F11 and F6b at 56 ranks per node submitted",
5569517,frontier-campaign,run.py,2,2,terrain30-s-z,riken,riken,"frontier[08478-08480,08516-08519,08521-08522,08528,08536,08538-08541,08557]",acic-f6b-riken-r56,csc710,batch,COMPLETED,2026-09-29T18:11:23,2026-09-29T18:53:01,00:41:38,"frontier[08478-08480,08516-08519,08521-08522,08528,08536,08538-08541,08557]","current-state.md: `terrain30-s-z` (2,021.8M vertices, 16,173.5M edges)","49057de 2026-09-29 Plan: F8w (ln V / 8 adopted), F11 and F6b at 56 ranks per node submitted",
5569518,frontier-campaign,onenode_ab,192,192,grid3-30-z;mesh24-z;mesh26-z;mesh28-w10-z;mesh28-w64k-z;mesh28-z,acic,c256_s64;frozen,frontier08862,acic-f8w-mesh-1n,csc710,batch,COMPLETED,2026-09-29T18:11:22,2026-09-29T18:37:34,00:26:12,frontier08862,"current-state.md: `mesh24-z` (16.8M vertices, 67.1M edges)","49057de 2026-09-29 Plan: F8w (ln V / 8 adopted), F11 and F6b at 56 ranks per node submitted",
5569698,frontier-campaign,onenode_ab,64,64,mesh30-z;terrain30-s-z,acic,c256_s64;frozen,frontier07849,acic-f8w-heavy-1n,csc710,batch,COMPLETED,2026-09-29T18:39:38,2026-09-29T19:17:51,00:38:13,frontier07849,"current-state.md: `mesh30-z` (1,073.7M vertices, 4,294.8M edges)","72bee31 2026-09-29 F8w (ln V / 8), F11 aggregation ablation and F6b RIKEN: current-state section 37, tables, abstract numbers",
5570489,frontier-campaign,onenode_ab,108,108,mesh32-z;road-planet-z;terrain30-s-z,acic,flush_fixed;frozen;naive;tile_off,"frontier[00057,00177,00309,00424,00530,00667,00769,00941,01063,01187,01326,01440,01570,01707,01825,01966,02080,02212,02336,02480,02594,02723,02843,02988,03101,03229,03366,03489,03618,03744,03873,03997,04120,04255,04382,04511,04638,04772,04898,05004,05127,05286,05417,05511,05641,05799,05917,06073,06177,06279,06421,06559,06700,06791,06952,07073,07175,07328,07452,07579,07714,07839,07966,08090]",acic-f13-64n,csc710,batch,COMPLETED,2026-09-29T20:33:58,2026-09-29T21:02:14,00:28:16,"frontier[00057,00177,00309,00424,00530,00667,00769,00941,01063,01187,01326,01440,01570,01707,01825,01966,02080,02212,02336,02480,02594,02723,02843,02988,03101,03229,03366,03489,03618,03744,03873,03997,04120,04255,04382,04511,04638,04772,04898,05004,05127,05286,05417,05511,05641,05799,05917,06073,06177,06279,06421,06559,06700,06791,06952,07073,07175,07328,07452,07579,07714,07839,07966,08090]","current-state.md: 38. Tiling alone, the priority-domain sweep and locality-aware tiling (F13, F14, F14b, F15), 2026-09-29","edd08cd 2026-09-29 Width configuration written down; F13-F15 in the plan; F15 variants, predictions recorded before submission",
5570490,frontier-campaign,onenode_ab,144,144,grid3-30-z;mesh32-z;road-planet-z;terrain30-s-z,acic,frozen;p1;p2;p4,"frontier[02731,02734,02736-02737,02739-02745,02749-02752,02757]",acic-f14-16n,csc710,batch,COMPLETED,2026-09-29T20:33:58,2026-09-29T20:54:55,00:20:57,"frontier[02731,02734,02736-02737,02739-02745,02749-02752,02757]","current-state.md: 38. Tiling alone, the priority-domain sweep and locality-aware tiling (F13, F14, F14b, F15), 2026-09-29","edd08cd 2026-09-29 Width configuration written down; F13-F15 in the plan; F15 variants, predictions recorded before submission",
5570491,frontier-campaign,onenode_ab,144,144,grid3-30-z;mesh32-z;road-planet-z;terrain30-s-z,acic,frozen;p1;p2;p4,"frontier[00058,00187,00327,00427,00551,00677,00770,00946,01064,01191,01336,01448,01575,01708,01826,01970,02081,02213,02341,02483,02608,02758,02846,02989,03124,03230,03375,03491,03619,03745,03874,03998,04126,04257,04383,04513,04640,04774,04903,05027,05161,05287,05418,05534,05680,05801,05927,06074,06184,06287,06443,06570,06701,06831,06953,07078,07213,07329,07457,07581,07715,07840,07968,08093]",acic-f14-64n,csc710,batch,COMPLETED,2026-09-29T20:33:58,2026-09-29T20:52:57,00:18:59,"frontier[00058,00187,00327,00427,00551,00677,00770,00946,01064,01191,01336,01448,01575,01708,01826,01970,02081,02213,02341,02483,02608,02758,02846,02989,03124,03230,03375,03491,03619,03745,03874,03998,04126,04257,04383,04513,04640,04774,04903,05027,05161,05287,05418,05534,05680,05801,05927,06074,06184,06287,06443,06570,06701,06831,06953,07078,07213,07329,07457,07581,07715,07840,07968,08093]","current-state.md: 38. Tiling alone, the priority-domain sweep and locality-aware tiling (F13, F14, F14b, F15), 2026-09-29","edd08cd 2026-09-29 Width configuration written down; F13-F15 in the plan; F15 variants, predictions recorded before submission",
5570495,frontier-campaign,onenode_ab,27,27,grid3-30-z;road-planet-z;terrain30-s-z,acic,frozen,"frontier[09238-09246,09250-09251,09254-09255,09259,09262,09286]",acic-f14b-16n-a,csc710,batch,COMPLETED,2026-09-29T20:33:58,2026-09-29T20:37:43,00:03:45,"frontier[09238-09246,09250-09251,09254-09255,09259,09262,09286]","current-state.md: 38. Tiling alone, the priority-domain sweep and locality-aware tiling (F13, F14, F14b, F15), 2026-09-29","edd08cd 2026-09-29 Width configuration written down; F13-F15 in the plan; F15 variants, predictions recorded before submission",
5570496,frontier-campaign,onenode_ab,9,9,mesh32-z,acic,frozen,"frontier[08858,08860-08862,08866-08871,08878-08879,08886,08889-08891]",acic-f14b-16n-m,csc710,batch,COMPLETED,2026-09-29T20:33:58,2026-09-29T20:36:20,00:02:22,"frontier[08858,08860-08862,08866-08871,08878-08879,08886,08889-08891]","current-state.md: 38. Tiling alone, the priority-domain sweep and locality-aware tiling (F13, F14, F14b, F15), 2026-09-29","edd08cd 2026-09-29 Width configuration written down; F13-F15 in the plan; F15 variants, predictions recorded before submission",
5570528,frontier-campaign,onenode_ab,8,8,mesh26;mesh26-z,acic,frozen;tloc,frontier08321,acic-f15-smoke,csc710,batch,COMPLETED,2026-09-29T20:41:43,2026-09-29T20:42:36,00:00:53,frontier08321,current-state.md: Evidence and provenance,"edd08cd 2026-09-29 Width configuration written down; F13-F15 in the plan; F15 variants, predictions recorded before submission",
5570551,frontier-campaign,onenode_ab,117,117,mesh26;mesh26-z;road-usa;road-usa-z,acic,frozen;off;tloc;tloc80,"frontier[07831,07841,07851-07855,07857,07867-07869,07876-07878,07880-07881]",acic-f15-16n,csc710,batch,COMPLETED,2026-09-29T20:44:03,2026-09-29T20:53:16,00:09:13,"frontier[07831,07841,07851-07855,07857,07867-07869,07876-07878,07880-07881]","current-state.md: 38. Tiling alone, the priority-domain sweep and locality-aware tiling (F13, F14, F14b, F15), 2026-09-29","3ef390e 2026-09-30 F13, F14, F14b and F15 results (current-state section 38): tiling is the largest distributed mechanism; per-core processes match the shared queues, so the 'shared queues 5-14x' clai",
5570552,frontier-campaign,onenode_ab,117,117,mesh26;mesh26-z;road-usa;road-usa-z,acic,frozen;off;tloc;tloc80,"frontier[00059,00184,00265,00428,00546,00701,00771,00924,01067,01193,01309,01449,01576,01694,01820,01971,02082,02214,02338,02487,02609,02759,02862,02990,03112,03235,03374,03493,03621,03748,03875,03999,04127,04258,04385,04503,04642,04775,04913,05028,05162,05288,05421,05539,05682,05802,05910,06075,06185,06298,06445,06571,06703,06833,06929,07055,07215,07299,07461,07584,07717,07882,07969,08094]",acic-f15-64n,csc710,batch,COMPLETED,2026-09-29T20:44:03,2026-09-29T20:50:31,00:06:28,"frontier[00059,00184,00265,00428,00546,00701,00771,00924,01067,01193,01309,01449,01576,01694,01820,01971,02082,02214,02338,02487,02609,02759,02862,02990,03112,03235,03374,03493,03621,03748,03875,03999,04127,04258,04385,04503,04642,04775,04913,05028,05162,05288,05421,05539,05682,05802,05910,06075,06185,06298,06445,06571,06703,06833,06929,07055,07215,07299,07461,07584,07717,07882,07969,08094]","current-state.md: 38. Tiling alone, the priority-domain sweep and locality-aware tiling (F13, F14, F14b, F15), 2026-09-29","3ef390e 2026-09-30 F13, F14, F14b and F15 results (current-state section 38): tiling is the largest distributed mechanism; per-core processes match the shared queues, so the 'shared queues 5-14x' clai",
5570562,frontier-campaign,onenode_ab,4,4,mesh26-z,acic,frozen;p56,frontier04516,acic-f14b-smoke,csc710,batch,FAILED,2026-09-29T20:45:35,2026-09-29T20:45:57,00:00:22,frontier04516,,a72435d 2026-09-29 Plan: F14b resubmitted,
5570582,frontier-campaign,onenode_ab,81,81,grid3-30-z;road-planet-z;terrain30-s-z,acic,frozen;no_share;p56,"frontier[06187-06189,06191-06203]",acic-f14b-16n-a,csc710,batch,COMPLETED,2026-09-29T20:47:07,2026-09-29T21:01:12,00:14:05,"frontier[06187-06189,06191-06203]","current-state.md: 38. Tiling alone, the priority-domain sweep and locality-aware tiling (F13, F14, F14b, F15), 2026-09-29",a72435d 2026-09-29 Plan: F14b resubmitted,
5570583,frontier-campaign,onenode_ab,27,27,mesh32-z,acic,frozen;no_share;p56,frontier[05549-05564],acic-f14b-16n-m,csc710,batch,COMPLETED,2026-09-29T20:47:07,2026-09-29T21:07:18,00:20:11,frontier[05549-05564],"current-state.md: 38. Tiling alone, the priority-domain sweep and locality-aware tiling (F13, F14, F14b, F15), 2026-09-29",a72435d 2026-09-29 Plan: F14b resubmitted,
5570584,frontier-campaign,onenode_ab,75,75,grid3-30-z;road-planet-z;terrain30-s-z,acic,frozen;no_share;p56,"frontier[00076,00188,00283,00430,00554,00655,00811,00928,01085,01167,01312,01423,01551,01695,01830,01978,02093,02239,02351,02465,02621,02720,02875,02996,03117,03241,03377,03504,03652,03754,03898,04004,04134,04272,04411,04520,04615,04785,04871,05042,05176,05296,05423,05565,05685,05805,05934,06078,06204,06358,06438,06574,06693,06838,06942,07070,07220,07334,07468,07594,07721,07835,08004,08134]",acic-f14b-64n,csc710,batch,TIMEOUT,2026-09-29T20:47:07,2026-09-29T22:47:17,02:00:10,"frontier[00076,00188,00283,00430,00554,00655,00811,00928,01085,01167,01312,01423,01551,01695,01830,01978,02093,02239,02351,02465,02621,02720,02875,02996,03117,03241,03377,03504,03652,03754,03898,04004,04134,04272,04411,04520,04615,04785,04871,05042,05176,05296,05423,05565,05685,05805,05934,06078,06204,06358,06438,06574,06693,06838,06942,07070,07220,07334,07468,07594,07721,07835,08004,08134]","current-state.md: 38. Tiling alone, the priority-domain sweep and locality-aware tiling (F13, F14, F14b, F15), 2026-09-29",a72435d 2026-09-29 Plan: F14b resubmitted,"partial: hit its 2-hour limit; mesh32-z not run, terrain30-s-z one repetition (sec. 38); F14c 5573561 followed"
5573561,frontier-campaign,onenode_ab,18,18,mesh32-z;terrain30-s-z,acic,frozen,"frontier[00861,01110,01126,01132,01376,01636,02138,02650,02667,02786,03038,03045,03170,03172,03274,03278,03286,03403-03404,03407,03420,03531-03532,03543,03657-03659,03781,03785-03786,03910-03911,03916,04039-04040,04048,04174,04185,04291-04292,04314,04430,04432-04433,04554,04679-04680,04684,04803,04823,04939-04940,04944,05067,05073,05075,05187-05189,05338,05350,05358,05503-05504]",acic-f14c-64n,csc710,batch,COMPLETED,2026-09-30T14:17:05,2026-09-30T14:46:09,00:29:04,"frontier[00861,01110,01126,01132,01376,01636,02138,02650,02667,02786,03038,03045,03170,03172,03274,03278,03286,03403-03404,03407,03420,03531-03532,03543,03657-03659,03781,03785-03786,03910-03911,03916,04039-04040,04048,04174,04185,04291-04292,04314,04430,04432-04433,04554,04679-04680,04684,04803,04823,04939-04940,04944,05067,05073,05075,05187-05189,05338,05350,05358,05503-05504]","current-state.md: 40. The auto-or-off locality rule (F15b) and the 56 × 1 cells at 64 nodes (F14c), 2026-09-30",2a1b8c7 2026-09-30 Abstract notes: Kronecker numbers at the configured width; plan: F14c and F15b submitted,partial: the 56 x 1 arm was killed at the 12-minute step limit; 8 x 7 only (sec. 40)
5573562,frontier-campaign,onenode_ab,54,54,mesh26;road-usa,acic,frozen;off;tloc2,"frontier[01346,03384,03512,03626,03756,03895,04015,04184,04268,04397,04522,04785,04948,05045,05209,05354]",acic-f15b-16n,csc710,batch,COMPLETED,2026-09-30T11:02:48,2026-09-30T11:10:38,00:07:50,"frontier[01346,03384,03512,03626,03756,03895,04015,04184,04268,04397,04522,04785,04948,05045,05209,05354]","current-state.md: 40. The auto-or-off locality rule (F15b) and the 56 × 1 cells at 64 nodes (F14c), 2026-09-30","6dd6e7d 2026-09-30 Abstract: author's rewrite with ACIC-SSSP naming, adaptivity and per-class headline numbers",
5573563,frontier-campaign,onenode_ab,54,54,mesh26;road-usa,acic,frozen;off;tloc2,"frontier[00985,00989,01109,01251,01746,02134,02273,02512-02513,02515,02530,02631,02899,02903,02918,03136,03138-03139,03144,03269-03270,03275,03398,03401,03427,04302,04428-04429,04437,04548,04550-04551,04678,04685,04691,04798,04800-04801,04936,04938,04945,05063,05065,05078,05205,05209,05211,05328-05329,05360,05498-05499,05626-05627,08684,08799,08924,08927,08943,09054,09201,09311,09431,09457]",acic-f15b-64n,csc710,batch,COMPLETED,2026-09-30T14:18:02,2026-09-30T14:22:26,00:04:24,"frontier[00985,00989,01109,01251,01746,02134,02273,02512-02513,02515,02530,02631,02899,02903,02918,03136,03138-03139,03144,03269-03270,03275,03398,03401,03427,04302,04428-04429,04437,04548,04550-04551,04678,04685,04691,04798,04800-04801,04936,04938,04945,05063,05065,05078,05205,05209,05211,05328-05329,05360,05498-05499,05626-05627,08684,08799,08924,08927,08943,09054,09201,09311,09431,09457]","current-state.md: 40. The auto-or-off locality rule (F15b) and the 56 × 1 cells at 64 nodes (F14c), 2026-09-30","6dd6e7d 2026-09-30 Abstract: author's rewrite with ACIC-SSSP naming, adaptivity and per-class headline numbers",
